last_name,first_name,party,state,filing_year,link
Adams,Alma S.,D,NC,2023,https://disclosures-clerk.house.gov/public_disc/financial-pdfs/2023/10059952.pdf
Aderholt,Robert B.,R,AL,2023,https://disclosures-clerk.house.gov/public_disc/financial-pdfs/2023/10060381.pdf
Aguilar,Pete,D,CA,2023,https://disclosures-clerk.house.gov/public_disc/financial-pdfs/2023/10060414.pdf
Alford,Mark,R,MO,2023,https://disclosures-clerk.house.gov/public_disc/financial-pdfs/2023/10060029.pdf
Allen,Rick W.,R,GA,2023,https://disclosures-clerk.house.gov/public_disc/financial-pdfs/2023/10060415.pdf
Allred,Colin Z.,D,TX,2023,https://disclosures-clerk.house.gov/public_disc/financial-pdfs/2023/10059582.pdf
Amo,Gabe,D,RI,2023,https://disclosures-clerk.house.gov/public_disc/financial-pdfs/2023/10062638.pdf
Amodei,Mark E.,R,NV,2023,https://disclosures-clerk.house.gov/public_disc/financial-pdfs/2023/10060908.pdf
Armstrong,Kelly,R,ND,2023,https://disclosures-clerk.house.gov/public_disc/financial-pdfs/2023/10057429.pdf
Arrington,Jodey C.,R,TX,2023,https://disclosures-clerk.house.gov/public_disc/financial-pdfs/2023/10060179.pdf
Auchincloss,Jake,D,MA,2023,https://disclosures-clerk.house.gov/public_disc/financial-pdfs/2023/10059259.pdf
Babin,Brian,R,TX,2023,https://disclosures-clerk.house.gov/public_disc/financial-pdfs/2023/10061079.pdf
Bacon,Don,R,NE,2023,https://disclosures-clerk.house.gov/public_disc/financial-pdfs/2023/10059759.pdf
Baird,James R.,R,IN,2023,https://disclosures-clerk.house.gov/public_disc/financial-pdfs/2023/10061119.pdf
Balderson,Troy,R,OH,2023,https://disclosures-clerk.house.gov/public_disc/financial-pdfs/2023/10057373.pdf
Baldwin,Tammy,D,WI,2024,https://efdsearch.senate.gov/search/view/annual/1965e9b4-7e0c-4c2e-ad42-d0c49bbe1f7d/
Balint,Becca,D,VT,2023,https://disclosures-clerk.house.gov/public_disc/financial-pdfs/2023/10059414.pdf
Banks,Jim,R,IN,2023,https://disclosures-clerk.house.gov/public_disc/financial-pdfs/2023/10062654.pdf
Barr,Andy,R,KY,2023,https://disclosures-clerk.house.gov/public_disc/financial-pdfs/2023/10062231.pdf
Barragan,Nanette Diaz,D,CA,2023,https://disclosures-clerk.house.gov/public_disc/financial-pdfs/2023/10057251.pdf
Barrasso,John,R,WY,2024,https://efdsearch.senate.gov/search/view/annual/139241f0-2606-43e7-a61d-c4b597660cf9/
Bean,Aaron,R,FL,2023,https://disclosures-clerk.house.gov/public_disc/financial-pdfs/2023/10060583.pdf
Beatty,Joyce,D,OH,2023,https://disclosures-clerk.house.gov/public_disc/financial-pdfs/2023/10060258.pdf
Bennet,Michael F.,D,CO,2024,https://efdsearch.senate.gov/search/view/annual/786a8aff-781a-458e-a9be-ccfd5ea46bfc/
Bentz,Cliff,R,OR,2023,https://disclosures-clerk.house.gov/public_disc/financial-pdfs/2023/10058877.pdf
Bera,Ami,D,CA,2023,https://disclosures-clerk.house.gov/public_disc/financial-pdfs/2023/10062178.pdf
Bergman,Jack,R,MI,2023,https://disclosures-clerk.house.gov/public_disc/financial-pdfs/2023/10061530.pdf
Beyer,Donald S.,D,VA,2023,https://disclosures-clerk.house.gov/public_disc/financial-pdfs/2023/10058899.pdf
Bice,Stephanie I.,R,OK,2023,https://disclosures-clerk.house.gov/public_disc/financial-pdfs/2023/10059895.pdf
Biggs,Andy,R,AZ,2023,https://disclosures-clerk.house.gov/public_disc/financial-pdfs/2023/10058937.pdf
Bilirakis,Gus M.,R,FL,2023,https://disclosures-clerk.house.gov/public_disc/financial-pdfs/2023/8220418.pdf
Bishop,Dan,R,NC,2023,https://disclosures-clerk.house.gov/public_disc/financial-pdfs/2023/10062570.pdf
Bishop,Sanford D.,D,GA,2023,https://disclosures-clerk.house.gov/public_disc/financial-pdfs/2023/10060373.pdf
Blackburn,Marsha,R,TN,2024,https://efdsearch.senate.gov/search/view/annual/ad42cbc0-ed6f-4bc8-a9ff-32e6063f1306/
Blumenauer,Earl,D,OR,2023,https://disclosures-clerk.house.gov/public_disc/financial-pdfs/2023/10059735.pdf
Blumenthal,Richard,D,CT,2024,https://efdsearch.senate.gov/search/view/paper/86ac224d-3986-4406-9d5e-9c53db007ef4/
Blunt Rochester,Lisa,D,DE,2023,https://disclosures-clerk.house.gov/public_disc/financial-pdfs/2023/10060198.pdf
Boebert,Lauren,R,CO,2023,https://disclosures-clerk.house.gov/public_disc/financial-pdfs/2023/10061648.pdf
Bonamici,Suzanne,D,OR,2023,https://disclosures-clerk.house.gov/public_disc/financial-pdfs/2023/10059396.pdf
Booker,Cory A.,D,NJ,2024,https://efdsearch.senate.gov/search/view/annual/2d6f8208-ad5a-49f9-931e-dc87bfcccb9b/
Boozman,John,R,AR,2024,https://efdsearch.senate.gov/search/view/annual/a66f9abf-311f-4494-871f-4631eb7ebc57/
Bost,Mike,R,IL,2023,https://disclosures-clerk.house.gov/public_disc/financial-pdfs/2023/10057580.pdf
Bowman,Jamaal,D,NY,2023,https://disclosures-clerk.house.gov/public_disc/financial-pdfs/2023/10060343.pdf
Boyle,Brendan F.,D,PA,2023,https://disclosures-clerk.house.gov/public_disc/financial-pdfs/2023/10057086.pdf
Braun,Mike,R,IN,2024,https://efdsearch.senate.gov/search/view/annual/31b2b826-95a2-4da8-b850-4a472b284a73/
Brecheen,Josh,R,OK,2023,https://disclosures-clerk.house.gov/public_disc/financial-pdfs/2023/10060308.pdf
Britt,Katie Boyd,R,AL,2024,https://efdsearch.senate.gov/search/view/annual/ae8aa928-7d29-4e74-aac7-c8c9211713c7/
Brown,Sherrod,D,OH,2024,https://efdsearch.senate.gov/search/view/annual/0091a0e6-17d3-4a52-963a-fc1db3c5d80f/
Brown,Shontel M.,D,OH,2023,https://disclosures-clerk.house.gov/public_disc/financial-pdfs/2023/10060560.pdf
Brownley,Julia,D,CA,2023,https://disclosures-clerk.house.gov/public_disc/financial-pdfs/2023/10059679.pdf
Buchanan,Vern,R,FL,2023,https://disclosures-clerk.house.gov/public_disc/financial-pdfs/2023/10059297.pdf
Bucshon,Larry,R,IN,2023,https://disclosures-clerk.house.gov/public_disc/financial-pdfs/2023/10059502.pdf
Budd,Ted,R,NC,2024,https://efdsearch.senate.gov/search/view/annual/ac4f24bc-25fa-4821-80ca-0aa41539710d/
Budzinski,Nikki,D,IL,2023,https://disclosures-clerk.house.gov/public_disc/financial-pdfs/2023/10059128.pdf
Burchett,Tim,R,TN,2023,https://disclosures-clerk.house.gov/public_disc/financial-pdfs/2023/10057335.pdf
Burgess,Michael C.,R,TX,2023,https://disclosures-clerk.house.gov/public_disc/financial-pdfs/2023/10060806.pdf
Burlison,Eric,R,MO,2023,https://disclosures-clerk.house.gov/public_disc/financial-pdfs/2023/10062690.pdf
Bush,Cori,D,MO,2023,https://disclosures-clerk.house.gov/public_disc/financial-pdfs/2023/10061337.pdf
Butler,Laphonza R.,D,CA,2024,https://efdsearch.senate.gov/search/view/annual/ede91fb4-df19-4993-bf20-c86b03143458/
Calvert,Ken,R,CA,2023,https://disclosures-clerk.house.gov/public_disc/financial-pdfs/2023/10060206.pdf
Cammack,Kat,R,FL,2023,https://disclosures-clerk.house.gov/public_disc/financial-pdfs/2023/10060622.pdf
Cantwell,Maria,D,WA,2024,https://efdsearch.senate.gov/search/view/annual/4c6dee46-2f1c-41ba-bd01-1c8dce1349bf/
Capito,Shelley Moore,R,WV,2024,https://efdsearch.senate.gov/search/view/annual/1fc99b72-3465-4ff7-808c-80b7283cd6d2/
Caraveo,Yadira,D,CO,2023,https://disclosures-clerk.house.gov/public_disc/financial-pdfs/2023/10057540.pdf
Carbajal,Salud O.,D,CA,2023,https://disclosures-clerk.house.gov/public_disc/financial-pdfs/2023/10060345.pdf
Cardin,Benjamin L.,D,MD,2024,https://efdsearch.senate.gov/search/view/annual/3e3a7b84-38b9-49ab-80a8-89622e29b6f8/
Carey,Mike,R,OH,2023,https://disclosures-clerk.house.gov/public_disc/financial-pdfs/2023/10060281.pdf
Carl,Jerry L.,R,AL,2023,https://disclosures-clerk.house.gov/public_disc/financial-pdfs/2023/10060508.pdf
Carper,Thomas R.,D,DE,2024,https://efdsearch.senate.gov/search/view/annual/04db916f-2633-4633-ac3d-3fbda2e9c134/
Carson,André,D,IN,2023,https://disclosures-clerk.house.gov/public_disc/financial-pdfs/2023/10060751.pdf
Carter,"Earl L. ""Buddy""",R,GA,2023,https://disclosures-clerk.house.gov/public_disc/financial-pdfs/2023/10059359.pdf
Carter,John R.,R,TX,2023,https://disclosures-clerk.house.gov/public_disc/financial-pdfs/2023/10057735.pdf
Carter,Troy A.,D,LA,2023,https://disclosures-clerk.house.gov/public_disc/financial-pdfs/2023/8220481.pdf
Cartwright,Matt,D,PA,2023,https://disclosures-clerk.house.gov/public_disc/financial-pdfs/2023/10059028.pdf
Casar,Greg,D,TX,2023,https://disclosures-clerk.house.gov/public_disc/financial-pdfs/2023/10059479.pdf
Case,Ed,D,HI,2023,https://disclosures-clerk.house.gov/public_disc/financial-pdfs/2023/10060408.pdf
Casey,Robert P.,D,PA,2024,https://efdsearch.senate.gov/search/view/annual/f80907e1-7f43-4db1-8dda-28d885483742/
Cassidy,Bill,R,LA,2024,https://efdsearch.senate.gov/search/view/annual/878c4bde-388b-453b-8a38-b753aa618074/
Casten,Sean,D,IL,2023,https://disclosures-clerk.house.gov/public_disc/financial-pdfs/2023/10057544.pdf
Castor,Kathy,D,FL,2023,https://disclosures-clerk.house.gov/public_disc/financial-pdfs/2023/10059113.pdf
Castro,Joaquin,D,TX,2023,https://disclosures-clerk.house.gov/public_disc/financial-pdfs/2023/8220605.pdf
Chavez-DeRemer,Lori,R,OR,2023,https://disclosures-clerk.house.gov/public_disc/financial-pdfs/2023/10060899.pdf
Cherfilus-McCormick,Sheila,D,FL,2023,https://disclosures-clerk.house.gov/public_disc/financial-pdfs/2023/10059703.pdf
Chu,Judy,D,CA,2023,https://disclosures-clerk.house.gov/public_disc/financial-pdfs/2023/10059071.pdf
Ciscomani,Juan,R,AZ,2023,https://disclosures-clerk.house.gov/public_disc/financial-pdfs/2023/10059453.pdf
Clark,Katherine M.,D,MA,2023,https://disclosures-clerk.house.gov/public_disc/financial-pdfs/2023/10059034.pdf
Clarke,Yvette D.,D,NY,2023,https://disclosures-clerk.house.gov/public_disc/financial-pdfs/2023/10062455.pdf
Cleaver,Emanuel,D,MO,2023,https://disclosures-clerk.house.gov/public_disc/financial-pdfs/2023/10059684.pdf
Cline,Ben,R,VA,2023,https://disclosures-clerk.house.gov/public_disc/financial-pdfs/2023/10059793.pdf
Cloud,Michael,R,TX,2023,https://disclosures-clerk.house.gov/public_disc/financial-pdfs/2023/10059227.pdf
Clyburn,James E.,D,SC,2023,https://disclosures-clerk.house.gov/public_disc/financial-pdfs/2023/10060249.pdf
Clyde,Andrew S.,R,GA,2023,https://disclosures-clerk.house.gov/public_disc/financial-pdfs/2023/10061852.pdf
Cohen,Steve,D,TN,2023,https://disclosures-clerk.house.gov/public_disc/financial-pdfs/2023/10060314.pdf
Cole,Tom,R,OK,2023,https://disclosures-clerk.house.gov/public_disc/financial-pdfs/2023/10061100.pdf
Collins,Mike,R,GA,2023,https://disclosures-clerk.house.gov/public_disc/financial-pdfs/2023/10060539.pdf
Collins,Susan M.,R,ME,2024,https://efdsearch.senate.gov/search/view/annual/f2f01d23-0af5-4958-984c-e97e7b2f8544/
Comer,James,R,KY,2023,https://disclosures-clerk.house.gov/public_disc/financial-pdfs/2023/10060545.pdf
Connolly,Gerald E.,D,VA,2023,https://disclosures-clerk.house.gov/public_disc/financial-pdfs/2023/10057570.pdf
Coons,Christopher A.,D,DE,2024,https://efdsearch.senate.gov/search/view/annual/dd3245e1-b4c3-4196-882a-4012cf2bd524/
Cornyn,John,R,TX,2024,https://efdsearch.senate.gov/search/view/annual/7f1d97b6-ee67-4358-8116-9d20d440f90b/
Correa,J. Luis,D,CA,2023,https://disclosures-clerk.house.gov/public_disc/financial-pdfs/2023/10059001.pdf
Cortez Masto,Catherine,D,NV,2024,https://efdsearch.senate.gov/search/view/annual/a8706c27-3a15-492e-8d3b-86a35d631ce0/
Costa,Jim,D,CA,2023,https://disclosures-clerk.house.gov/public_disc/financial-pdfs/2023/10060909.pdf
Cotton,Tom,R,AR,2024,https://efdsearch.senate.gov/search/view/annual/1ecc063e-2ddb-467a-a938-c6f677662b95/
Courtney,Joe,D,CT,2023,https://disclosures-clerk.house.gov/public_disc/financial-pdfs/2023/10057521.pdf
Craig,Angie,D,MN,2023,https://disclosures-clerk.house.gov/public_disc/financial-pdfs/2023/8220496.pdf
Cramer,Kevin,R,ND,2024,https://efdsearch.senate.gov/search/view/annual/9025ef30-3182-4f55-98fd-cdf184ddd34b/
Crane,Elijah,R,AZ,2023,https://disclosures-clerk.house.gov/public_disc/financial-pdfs/2023/10060393.pdf
Crapo,Mike,R,ID,2024,https://efdsearch.senate.gov/search/view/annual/0e3b35aa-e3be-4524-a1d0-00f8f10c2fe2/
Crawford,"Eric A. ""Rick""",R,AR,2023,https://disclosures-clerk.house.gov/public_disc/financial-pdfs/2023/10057567.pdf
Crenshaw,Dan,R,TX,2023,https://disclosures-clerk.house.gov/public_disc/financial-pdfs/2023/10062732.pdf
Crockett,Jasmine,D,TX,2023,https://disclosures-clerk.house.gov/public_disc/financial-pdfs/2023/10061435.pdf
Crow,Jason,D,CO,2023,https://disclosures-clerk.house.gov/public_disc/financial-pdfs/2023/10059547.pdf
Cruz,Ted,R,TX,2024,https://efdsearch.senate.gov/search/view/annual/9675a1d6-d0cc-48bb-b0ee-fb1b99c3de0d/
Cuellar,Henry,D,TX,2023,https://disclosures-clerk.house.gov/public_disc/financial-pdfs/2023/10060039.pdf
Curtis,John R.,R,UT,2023,https://disclosures-clerk.house.gov/public_disc/financial-pdfs/2023/10057450.pdf
Cárdenas,Tony,D,CA,2023,https://disclosures-clerk.house.gov/public_disc/financial-pdfs/2023/10059460.pdf
D'Esposito,Anthony,R,NY,2023,https://disclosures-clerk.house.gov/public_disc/financial-pdfs/2023/10061470.pdf
Daines,Steve,R,MT,2024,https://efdsearch.senate.gov/search/view/annual/a9295e86-a2ec-426f-a3e7-ef5329e2a227/
Davids,Sharice,D,KS,2023,https://disclosures-clerk.house.gov/public_disc/financial-pdfs/2023/10060299.pdf
Davidson,Warren,R,OH,2023,https://disclosures-clerk.house.gov/public_disc/financial-pdfs/2023/10061293.pdf
Davis,Danny K.,D,IL,2023,https://disclosures-clerk.house.gov/public_disc/financial-pdfs/2023/10062685.pdf
Davis,Donald G.,D,NC,2023,https://disclosures-clerk.house.gov/public_disc/financial-pdfs/2023/10060732.pdf
De La Cruz,Monica,R,TX,2023,https://disclosures-clerk.house.gov/public_disc/financial-pdfs/2023/10059362.pdf
DeGette,Diana,D,CO,2023,https://disclosures-clerk.house.gov/public_disc/financial-pdfs/2023/10059101.pdf
DeLauro,Rosa L.,D,CT,2023,https://disclosures-clerk.house.gov/public_disc/financial-pdfs/2023/10060512.pdf
DeSaulnier,Mark,D,CA,2023,https://disclosures-clerk.house.gov/public_disc/financial-pdfs/2023/10059653.pdf
Dean,Madeleine,D,PA,2023,https://disclosures-clerk.house.gov/public_disc/financial-pdfs/2023/10059700.pdf
DelBene,Suzan K.,D,WA,2023,https://disclosures-clerk.house.gov/public_disc/financial-pdfs/2023/10059847.pdf
Deluzio,Christopher R.,D,PA,2023,https://disclosures-clerk.house.gov/public_disc/financial-pdfs/2023/10057068.pdf
DesJarlais,Scott,R,TN,2023,https://disclosures-clerk.house.gov/public_disc/financial-pdfs/2023/10060164.pdf
Diaz-Balart,Mario,R,FL,2023,https://disclosures-clerk.house.gov/public_disc/financial-pdfs/2023/10059030.pdf
Dingell,Debbie,D,MI,2023,https://disclosures-clerk.house.gov/public_disc/financial-pdfs/2023/10057106.pdf
Doggett,Lloyd,D,TX,2023,https://disclosures-clerk.house.gov/public_disc/financial-pdfs/2023/10057370.pdf
Donalds,Byron,R,FL,2023,https://disclosures-clerk.house.gov/public_disc/financial-pdfs/2023/10062779.pdf
Duarte,John S.,R,CA,2023,https://disclosures-clerk.house.gov/public_disc/financial-pdfs/2023/8220483.pdf
Duckworth,Tammy,D,VA,2023,https://efdsearch.senate.gov/search/view/annual/014b5055-8073-451f-8dcb-d7eec191e51a/
Duncan,Jeff,R,SC,2023,https://disclosures-clerk.house.gov/public_disc/financial-pdfs/2023/10060221.pdf
Dunn,Neal P.,R,FL,2023,https://disclosures-clerk.house.gov/public_disc/financial-pdfs/2023/10059499.pdf
Durbin,Richard J.,D,IL,2024,https://efdsearch.senate.gov/search/view/paper/7d9d262c-64d6-4a65-adb5-59127dae1bb0/
Edwards,Chuck,R,NC,2023,https://disclosures-clerk.house.gov/public_disc/financial-pdfs/2023/10059419.pdf
Ellzey,Jake,R,TX,2023,https://disclosures-clerk.house.gov/public_disc/financial-pdfs/2023/10057509.pdf
Emmer,Tom,R,MN,2023,https://disclosures-clerk.house.gov/public_disc/financial-pdfs/2023/8220484.pdf
Ernst,Joni,R,IA,2024,https://efdsearch.senate.gov/search/view/annual/db76aaa0-c2ec-49a1-8a5f-87c2ec97d22e/
Escobar,Veronica,D,TX,2023,https://disclosures-clerk.house.gov/public_disc/financial-pdfs/2023/10059323.pdf
Eshoo,Anna G.,D,CA,2023,https://disclosures-clerk.house.gov/public_disc/financial-pdfs/2023/8220419.pdf
Espaillat,Adriano,D,NY,2023,https://disclosures-clerk.house.gov/public_disc/financial-pdfs/2023/10060169.pdf
Estes,Ron,R,KS,2023,https://disclosures-clerk.house.gov/public_disc/financial-pdfs/2023/10060012.pdf
Evans,Dwight,D,PA,2023,https://disclosures-clerk.house.gov/public_disc/financial-pdfs/2023/10060496.pdf
Ezell,Mike,R,MS,2023,https://disclosures-clerk.house.gov/public_disc/financial-pdfs/2023/10057629.pdf
Fallon,Pat,R,TX,2023,https://disclosures-clerk.house.gov/public_disc/financial-pdfs/2023/10060003.pdf
Feenstra,Randy,R,IA,2023,https://disclosures-clerk.house.gov/public_disc/financial-pdfs/2023/10061096.pdf
Ferguson,A. Drew,R,GA,2023,https://disclosures-clerk.house.gov/public_disc/financial-pdfs/2023/10060230.pdf
Fetterman,John,D,PA,2024,https://efdsearch.senate.gov/search/view/annual/9f9a065f-a7f8-4647-8e97-2c7b33519cd8/
Finstad,Brad,R,MN,2023,https://disclosures-clerk.house.gov/public_disc/financial-pdfs/2023/10060529.pdf
Fischbach,Michelle,R,MN,2023,https://disclosures-clerk.house.gov/public_disc/financial-pdfs/2023/10061489.pdf
Fischer,Deb,R,NE,2024,https://efdsearch.senate.gov/search/view/annual/7a3e75e9-fdb2-48aa-8583-7558d53f2cf3/
Fitzgerald,Scott,R,WI,2023,https://disclosures-clerk.house.gov/public_disc/financial-pdfs/2023/10059577.pdf
Fitzpatrick,Brian K.,R,PA,2023,https://disclosures-clerk.house.gov/public_disc/financial-pdfs/2023/10059165.pdf
Fleischmann,"Charles J. ""Chuck""",R,TN,2023,https://disclosures-clerk.house.gov/public_disc/financial-pdfs/2023/8220420.pdf
Fletcher,Lizzie,D,TX,2023,https://disclosures-clerk.house.gov/public_disc/financial-pdfs/2023/10058974.pdf
Flood,Mike,R,NE,2023,https://disclosures-clerk.house.gov/public_disc/financial-pdfs/2023/10059391.pdf
Foster,Bill,D,IL,2023,https://disclosures-clerk.house.gov/public_disc/financial-pdfs/2023/10057232.pdf
Foushee,Valerie P.,D,NC,2023,https://disclosures-clerk.house.gov/public_disc/financial-pdfs/2023/10057344.pdf
Foxx,Virginia,R,NC,2023,https://disclosures-clerk.house.gov/public_disc/financial-pdfs/2023/10059335.pdf
Frankel,Lois,D,FL,2023,https://disclosures-clerk.house.gov/public_disc/financial-pdfs/2023/10057235.pdf
Franklin,C. Scott,R,FL,2023,https://disclosures-clerk.house.gov/public_disc/financial-pdfs/2023/10057719.pdf
Frost,Maxwell,D,FL,2023,https://disclosures-clerk.house.gov/public_disc/financial-pdfs/2023/10061610.pdf
Fry,Russell,R,SC,2023,https://disclosures-clerk.house.gov/public_disc/financial-pdfs/2023/10058966.pdf
Fulcher,Russ,R,ID,2023,https://disclosures-clerk.house.gov/public_disc/financial-pdfs/2023/10060187.pdf
Gallego,Ruben,D,AZ,2023,https://disclosures-clerk.house.gov/public_disc/financial-pdfs/2023/10058791.pdf
Garamendi,John,D,CA,2023,https://disclosures-clerk.house.gov/public_disc/financial-pdfs/2023/10059805.pdf
Garbarino,Andrew R.,R,NY,2023,https://disclosures-clerk.house.gov/public_disc/financial-pdfs/2023/10059492.pdf
Garcia,Mike,R,CA,2023,https://disclosures-clerk.house.gov/public_disc/financial-pdfs/2023/10060154.pdf
Garcia,Robert,D,CA,2023,https://disclosures-clerk.house.gov/public_disc/financial-pdfs/2023/10060154.pdf
Garcia,Sylvia R.,D,TX,2023,https://disclosures-clerk.house.gov/public_disc/financial-pdfs/2023/10059533.pdf
Garcia,"Jesús G. ""Chuy""",D,IL,2023,https://disclosures-clerk.house.gov/public_disc/financial-pdfs/2023/10057643.pdf
Gillibrand,Kirsten E.,D,NY,2024,https://efdsearch.senate.gov/search/view/annual/7ae7aae6-03bb-4d7f-a956-8adcba494f99/
Gimenez,Carlos A.,R,FL,2023,https://disclosures-clerk.house.gov/public_disc/financial-pdfs/2023/10060592.pdf
Golden,Jared F.,D,ME,2023,https://disclosures-clerk.house.gov/public_disc/financial-pdfs/2023/10057089.pdf
Goldman,Daniel S.,D,NY,2023,https://disclosures-clerk.house.gov/public_disc/financial-pdfs/2023/10057681.pdf
Gomez,Jimmy,D,CA,2023,https://disclosures-clerk.house.gov/public_disc/financial-pdfs/2023/10059944.pdf
Gonzales,Tony,R,TX,2023,https://disclosures-clerk.house.gov/public_disc/financial-pdfs/2023/10062766.pdf
Gonzalez,Vicente,D,TX,2023,https://disclosures-clerk.house.gov/public_disc/financial-pdfs/2023/8220595.pdf
Gonzalez-Colon,Jenniffer,R,PR,2023,https://disclosures-clerk.house.gov/public_disc/financial-pdfs/2023/10059869.pdf
Good,Bob,R,VA,2023,https://disclosures-clerk.house.gov/public_disc/financial-pdfs/2023/10060656.pdf
Gooden,Lance,R,TX,2023,https://disclosures-clerk.house.gov/public_disc/financial-pdfs/2023/10061400.pdf
Gosar,Paul A.,R,AZ,2023,https://disclosures-clerk.house.gov/public_disc/financial-pdfs/2023/8220466.pdf
Gottheimer,Josh,D,NJ,2023,https://disclosures-clerk.house.gov/public_disc/financial-pdfs/2023/10057523.pdf
Graham,Lindsey,R,SC,2024,https://efdsearch.senate.gov/search/view/annual/82a8cef2-fa7e-4ce7-92d2-798715c28d5f/
Granger,Kay,R,TX,2023,https://disclosures-clerk.house.gov/public_disc/financial-pdfs/2023/10057021.pdf
Grassley,Chuck,R,IA,2024,https://efdsearch.senate.gov/search/view/annual/2f0bcbce-b93f-44f0-b1cf-4380419ce0af/
Graves,Garret,R,LA,2023,https://disclosures-clerk.house.gov/public_disc/financial-pdfs/2023/10059697.pdf
Graves,Sam,R,MO,2023,https://disclosures-clerk.house.gov/public_disc/financial-pdfs/2023/10061251.pdf
Green,Al,D,TX,2023,https://disclosures-clerk.house.gov/public_disc/financial-pdfs/2023/10060574.pdf
Green,Mark E.,R,TN,2023,https://disclosures-clerk.house.gov/public_disc/financial-pdfs/2023/10061193.pdf
Greene,Marjorie Taylor,R,GA,2023,https://disclosures-clerk.house.gov/public_disc/financial-pdfs/2023/10057355.pdf
Griffith,H. Morgan,R,VA,2023,https://disclosures-clerk.house.gov/public_disc/financial-pdfs/2023/10059696.pdf
Grijalva,Raúl M.,D,AZ,2023,https://disclosures-clerk.house.gov/public_disc/financial-pdfs/2023/10059510.pdf
Grothman,Glenn,R,WI,2023,https://disclosures-clerk.house.gov/public_disc/financial-pdfs/2023/10060079.pdf
Guest,Michael,R,MS,2023,https://disclosures-clerk.house.gov/public_disc/financial-pdfs/2023/8220573.pdf
Guthrie,Brett,R,KY,2023,https://disclosures-clerk.house.gov/public_disc/financial-pdfs/2023/8220485.pdf
Hageman,Harriet M.,R,WY,2023,https://disclosures-clerk.house.gov/public_disc/financial-pdfs/2023/10059540.pdf
Hagerty,Bill,R,TN,2024,https://efdsearch.senate.gov/search/view/annual/03b313b5-2492-4264-8fa0-2f14bbafde77/
Harder,Josh,D,CA,2023,https://disclosures-clerk.house.gov/public_disc/financial-pdfs/2023/10058971.pdf
Harris,Andy,R,MD,2023,https://disclosures-clerk.house.gov/public_disc/financial-pdfs/2023/10062677.pdf
Harshbarger,Diana,R,TN,2023,https://disclosures-clerk.house.gov/public_disc/financial-pdfs/2023/8220574.pdf
Hassan,Margaret Wood,D,NH,2024,https://efdsearch.senate.gov/search/view/annual/32481311-3b9a-4ad3-be14-520c173cf5e3/
Hawley,Josh,R,MO,2024,https://efdsearch.senate.gov/search/view/annual/b5927b5e-a907-4e99-9ad4-957f0e2bceb3/
Hayes,Jahana,D,CT,2023,https://disclosures-clerk.house.gov/public_disc/financial-pdfs/2023/10059686.pdf
Heinrich,Martin,D,NM,2024,https://efdsearch.senate.gov/search/view/annual/ea129bbd-77b9-47a0-aeb9-f5faa5158934/
Hern,Kevin,R,OK,2023,https://disclosures-clerk.house.gov/public_disc/financial-pdfs/2023/10060913.pdf
Hickenlooper,John W.,D,CO,2024,https://efdsearch.senate.gov/search/view/annual/5f667aa1-b9ab-4fe2-bced-c43f4f103c48/
Higgins,Clay,R,LA,2023,https://disclosures-clerk.house.gov/public_disc/financial-pdfs/2023/10057485.pdf
Hill,J. French,R,AR,2023,https://disclosures-clerk.house.gov/public_disc/financial-pdfs/2023/10059437.pdf
Himes,James A.,D,CT,2023,https://disclosures-clerk.house.gov/public_disc/financial-pdfs/2023/10061258.pdf
Arenholz,Ashley,R,IA,2023,https://disclosures-clerk.house.gov/public_disc/financial-pdfs/2023/10057096.pdf
Hirono,Mazie K.,D,HI,2024,https://efdsearch.senate.gov/search/view/annual/16dad072-2ce0-4bc8-ad36-c51aca7ec2fb/
Hoeven,John,R,ND,2024,https://efdsearch.senate.gov/search/view/annual/c1569647-99b6-40c2-be51-97c8d800d9e6/
Horsford,Steven,D,NV,2023,https://disclosures-clerk.house.gov/public_disc/financial-pdfs/2023/10061279.pdf
Houchin,Erin,R,IN,2023,https://disclosures-clerk.house.gov/public_disc/financial-pdfs/2023/10058925.pdf
Houlahan,Chrissy,D,PA,2023,https://disclosures-clerk.house.gov/public_disc/financial-pdfs/2023/10060595.pdf
Hoyer,Steny H.,D,MD,2023,https://disclosures-clerk.house.gov/public_disc/financial-pdfs/2023/10060360.pdf
Hoyle,Val T.,D,OR,2023,https://disclosures-clerk.house.gov/public_disc/financial-pdfs/2023/10058978.pdf
Hudson,Richard,R,NC,2023,https://disclosures-clerk.house.gov/public_disc/financial-pdfs/2023/10060006.pdf
Huffman,Jared,D,CA,2023,https://disclosures-clerk.house.gov/public_disc/financial-pdfs/2023/10060152.pdf
Huizenga,Bill,R,MI,2023,https://disclosures-clerk.house.gov/public_disc/financial-pdfs/2023/10060544.pdf
Hunt,Wesley,R,TX,2023,https://disclosures-clerk.house.gov/public_disc/financial-pdfs/2023/10059868.pdf
Hyde-Smith,Cindy,R,MS,2024,https://efdsearch.senate.gov/search/view/annual/d20d2883-5d04-4355-901c-cce12f0c9a55/
Issa,Darrell,R,CA,2023,https://disclosures-clerk.house.gov/public_disc/financial-pdfs/2023/10060532.pdf
Ivey,Glenn,D,MD,2023,https://disclosures-clerk.house.gov/public_disc/financial-pdfs/2023/10059399.pdf
Jackson,Jeff,D,NC,2023,https://disclosures-clerk.house.gov/public_disc/financial-pdfs/2023/10061286.pdf
Jackson,Jonathan L.,D,IL,2023,https://disclosures-clerk.house.gov/public_disc/financial-pdfs/2023/10059883.pdf
Jackson,Ronny,R,TX,2023,https://disclosures-clerk.house.gov/public_disc/financial-pdfs/2023/10062668.pdf
Jacobs,Sara,D,CA,2023,https://disclosures-clerk.house.gov/public_disc/financial-pdfs/2023/10059210.pdf
James,John,R,MI,2023,https://disclosures-clerk.house.gov/public_disc/financial-pdfs/2023/10057721.pdf
Jayapal,Pramila,D,WA,2023,https://disclosures-clerk.house.gov/public_disc/financial-pdfs/2023/10059916.pdf
Jeffries,Hakeem S.,D,NY,2023,https://disclosures-clerk.house.gov/public_disc/financial-pdfs/2023/10059158.pdf
Johnson,Dusty,R,SD,2023,https://disclosures-clerk.house.gov/public_disc/financial-pdfs/2023/10059658.pdf
Johnson,"Henry C. ""Hank""",D,GA,2023,https://disclosures-clerk.house.gov/public_disc/financial-pdfs/2023/10060742.pdf
Johnson,Mike,R,LA,2023,https://disclosures-clerk.house.gov/public_disc/financial-pdfs/2023/10059254.pdf
Johnson,Ron,R,WI,2024,https://efdsearch.senate.gov/search/view/annual/d9214500-b134-4e99-8584-0e49cfb247e9/
Jordan,Jim,R,OH,2023,https://disclosures-clerk.house.gov/public_disc/financial-pdfs/2023/10058918.pdf
Joyce,David P.,R,OH,2023,https://disclosures-clerk.house.gov/public_disc/financial-pdfs/2023/10061272.pdf
Joyce,John,R,PA,2023,https://disclosures-clerk.house.gov/public_disc/financial-pdfs/2023/10059130.pdf
Kaine,Tim,D,VA,2024,https://efdsearch.senate.gov/search/view/annual/96e64ed2-07fd-461c-a52d-b251b0ebe271/
Kamlager-Dove,Sydney,D,CA,2023,https://disclosures-clerk.house.gov/public_disc/financial-pdfs/2023/10060088.pdf
Kaptur,Marcy,D,OH,2023,https://disclosures-clerk.house.gov/public_disc/financial-pdfs/2023/10060371.pdf
Kean,Thomas H.,R,NJ,2023,https://disclosures-clerk.house.gov/public_disc/financial-pdfs/2023/10060678.pdf
Keating,William R.,D,MA,2023,https://disclosures-clerk.house.gov/public_disc/financial-pdfs/2023/10059951.pdf
Kelly,Mark,D,AZ,2024,https://efdsearch.senate.gov/search/view/annual/deaf96b2-f782-4cc2-89fc-f0f619e9aed4/
Kelly,Mike,R,PA,2023,https://disclosures-clerk.house.gov/public_disc/financial-pdfs/2023/10059739.pdf
Kelly,Robin L.,D,IL,2023,https://disclosures-clerk.house.gov/public_disc/financial-pdfs/2023/10059979.pdf
Kelly,Trent,R,MS,2023,https://disclosures-clerk.house.gov/public_disc/financial-pdfs/2023/10059344.pdf
Kennedy,John,R,LA,2024,https://efdsearch.senate.gov/search/view/annual/074d6eed-7fc7-41ec-900d-ee22977637f1/
Kennedy,Timothy M.,D,NY,2024,https://disclosures-clerk.house.gov/public_disc/financial-pdfs/2024/10062077.pdf
Khanna,Ro,D,CA,2023,https://disclosures-clerk.house.gov/public_disc/financial-pdfs/2023/8220593.pdf
Kiggans,Jennifer A.,R,VA,2023,https://disclosures-clerk.house.gov/public_disc/financial-pdfs/2023/10059067.pdf
Kildee,Daniel T.,D,MI,2023,https://disclosures-clerk.house.gov/public_disc/financial-pdfs/2023/10059494.pdf
Kiley,Kevin,R,CA,2023,https://disclosures-clerk.house.gov/public_disc/financial-pdfs/2023/10059609.pdf
Kilmer,Derek,D,WA,2023,https://disclosures-clerk.house.gov/public_disc/financial-pdfs/2023/10059275.pdf
Kim,Andy,D,NJ,2023,https://disclosures-clerk.house.gov/public_disc/financial-pdfs/2023/10059532.pdf
Kim,Young,R,CA,2023,https://disclosures-clerk.house.gov/public_disc/financial-pdfs/2023/10057252.pdf
King,Angus S.,I,ME,2024,https://efdsearch.senate.gov/search/view/annual/a15394cf-6a90-4ca9-8769-74fbde06bb6c/
Klobuchar,Amy,D,MN,2024,https://efdsearch.senate.gov/search/view/annual/4556b4d9-a44d-4b8f-8ef7-f099b99cd4a2/
Krishnamoorthi,Raja,D,IL,2023,https://disclosures-clerk.house.gov/public_disc/financial-pdfs/2023/10057306.pdf
Kuster,Ann M.,D,NH,2023,https://disclosures-clerk.house.gov/public_disc/financial-pdfs/2023/8220486.pdf
Kustoff,David,R,TN,2023,https://disclosures-clerk.house.gov/public_disc/financial-pdfs/2023/10059305.pdf
LaHood,Darin,R,IL,2023,https://disclosures-clerk.house.gov/public_disc/financial-pdfs/2023/10059266.pdf
LaLota,Nick,R,NY,2023,https://disclosures-clerk.house.gov/public_disc/financial-pdfs/2023/10060364.pdf
LaMalfa,Doug,R,CA,2023,https://disclosures-clerk.house.gov/public_disc/financial-pdfs/2023/10060038.pdf
LaTurner,Jake,R,KS,2023,https://disclosures-clerk.house.gov/public_disc/financial-pdfs/2023/10060099.pdf
Lamborn,Doug,R,CO,2023,https://disclosures-clerk.house.gov/public_disc/financial-pdfs/2023/8220575.pdf
Landsman,Greg,D,OH,2023,https://disclosures-clerk.house.gov/public_disc/financial-pdfs/2023/10060077.pdf
Langworthy,Nicholas A.,R,NY,2023,https://disclosures-clerk.house.gov/public_disc/financial-pdfs/2023/10061049.pdf
Lankford,James,R,OK,2024,https://efdsearch.senate.gov/search/view/annual/b43f1c48-5289-4bc7-a3bb-12b46a6650a6/
Larsen,Rick,D,WA,2023,https://disclosures-clerk.house.gov/public_disc/financial-pdfs/2023/10057340.pdf
Larson,John B.,D,CT,2023,https://disclosures-clerk.house.gov/public_disc/financial-pdfs/2023/10059233.pdf
Latta,Robert E.,R,OH,2023,https://disclosures-clerk.house.gov/public_disc/financial-pdfs/2023/10058884.pdf
Lawler,Michael,R,NY,2023,https://disclosures-clerk.house.gov/public_disc/financial-pdfs/2023/10059706.pdf
Carter,Erica,D,TX,2023,https://disclosures-clerk.house.gov/public_disc/financial-pdfs/2023/10057735.pdf
Lee,Barbara,D,CA,2023,https://disclosures-clerk.house.gov/public_disc/financial-pdfs/2023/10061113.pdf
Lee,Laurel M.,R,FL,2023,https://disclosures-clerk.house.gov/public_disc/financial-pdfs/2023/10062650.pdf
Lee,Mike,R,UT,2024,https://efdsearch.senate.gov/search/view/annual/bb92d489-a444-452f-8fc3-783f92d061cd/
Lee,Summer L.,D,PA,2023,https://disclosures-clerk.house.gov/public_disc/financial-pdfs/2023/10062786.pdf
Lee,Susie,D,NV,2023,https://disclosures-clerk.house.gov/public_disc/financial-pdfs/2023/10057548.pdf
Leger Fernandez,Teresa,D,NM,2023,https://disclosures-clerk.house.gov/public_disc/financial-pdfs/2023/10059199.pdf
Lesko,Debbie,R,AZ,2023,https://disclosures-clerk.house.gov/public_disc/financial-pdfs/2023/10059171.pdf
Letlow,Julia,R,LA,2023,https://disclosures-clerk.house.gov/public_disc/financial-pdfs/2023/10060677.pdf
Levin,Mike,D,CA,2023,https://disclosures-clerk.house.gov/public_disc/financial-pdfs/2023/10057312.pdf
Lieu,Ted,D,CA,2023,https://disclosures-clerk.house.gov/public_disc/financial-pdfs/2023/10060998.pdf
Lofgren,Zoe,D,CA,2023,https://disclosures-clerk.house.gov/public_disc/financial-pdfs/2023/10057543.pdf
Loudermilk,Barry,R,GA,2023,https://disclosures-clerk.house.gov/public_disc/financial-pdfs/2023/10061418.pdf
Lucas,Frank D.,R,OK,2023,https://disclosures-clerk.house.gov/public_disc/financial-pdfs/2023/10057070.pdf
Luetkemeyer,Blaine,R,MO,2023,https://disclosures-clerk.house.gov/public_disc/financial-pdfs/2023/8220467.pdf
Lujan,Ben Ray,D,NM,2024,https://efdsearch.senate.gov/search/view/paper/b958913d-0f7b-43ac-9335-c927181ca50e/
Lummis,Cynthia M.,R,WY,2024,https://efdsearch.senate.gov/search/view/annual/8dc381a6-f1a4-45d5-b2df-254b7c3fe23f/
Paulina Luna,Anna,R,FL,2023,https://disclosures-clerk.house.gov/public_disc/financial-pdfs/2023/10059246.pdf
Luttrell,Morgan,R,TX,2023,https://disclosures-clerk.house.gov/public_disc/financial-pdfs/2023/10059415.pdf
Lynch,Stephen F.,D,MA,2023,https://disclosures-clerk.house.gov/public_disc/financial-pdfs/2023/10057612.pdf
Mace,Nancy,R,SC,2023,https://disclosures-clerk.house.gov/public_disc/financial-pdfs/2023/10062802.pdf
Magaziner,Seth,D,RI,2023,https://disclosures-clerk.house.gov/public_disc/financial-pdfs/2023/10058871.pdf
Malliotakis,Nicole,R,NY,2023,https://disclosures-clerk.house.gov/public_disc/financial-pdfs/2023/10060618.pdf
Maloy,Celeste,R,UT,2023,https://disclosures-clerk.house.gov/public_disc/financial-pdfs/2023/10061120.pdf
Manchin,Joe,I,WV,2024,https://efdsearch.senate.gov/search/view/annual/0e5ba574-5ea4-475b-9967-86d065d0db7c/
Mann,Tracey,R,KS,2023,https://disclosures-clerk.house.gov/public_disc/financial-pdfs/2023/10059938.pdf
Manning,Kathy E.,D,NC,2023,https://disclosures-clerk.house.gov/public_disc/financial-pdfs/2023/10057256.pdf
Markey,Edward J.,D,MA,2024,https://efdsearch.senate.gov/search/view/paper/ecdbf62a-3af7-4f6b-8221-a5156c05558f/
Marshall,Roger,R,KS,2024,https://efdsearch.senate.gov/search/view/annual/a9edda97-d22c-45c2-bff6-81e92b757285/
Massie,Thomas,R,KY,2023,https://disclosures-clerk.house.gov/public_disc/financial-pdfs/2023/10059521.pdf
Mast,Brian J.,R,FL,2023,https://disclosures-clerk.house.gov/public_disc/financial-pdfs/2023/10061066.pdf
Matsui,Doris O.,D,CA,2023,https://disclosures-clerk.house.gov/public_disc/financial-pdfs/2023/8220487.pdf
McBath,Lucy,D,GA,2023,https://disclosures-clerk.house.gov/public_disc/financial-pdfs/2023/10060971.pdf
McCaul,Michael T.,R,TX,2023,https://disclosures-clerk.house.gov/public_disc/financial-pdfs/2023/8220569.pdf
McClain,Lisa C.,R,MI,2023,https://disclosures-clerk.house.gov/public_disc/financial-pdfs/2023/10059852.pdf
McClellan,Jennifer L.,D,VA,2023,https://disclosures-clerk.house.gov/public_disc/financial-pdfs/2023/10059623.pdf
McClintock,Tom,R,CA,2023,https://disclosures-clerk.house.gov/public_disc/financial-pdfs/2023/10058822.pdf
McCollum,Betty,D,MN,2023,https://disclosures-clerk.house.gov/public_disc/financial-pdfs/2023/10059086.pdf
McConnell,Mitch,R,KY,2024,https://efdsearch.senate.gov/search/view/annual/632f557a-c28b-43a9-8de5-1be4faf38032/
McCormick,Richard,R,GA,2023,https://disclosures-clerk.house.gov/public_disc/financial-pdfs/2023/10060276.pdf
McGarvey,Morgan,D,KY,2023,https://disclosures-clerk.house.gov/public_disc/financial-pdfs/2023/10059688.pdf
McGovern,James P.,D,MA,2023,https://disclosures-clerk.house.gov/public_disc/financial-pdfs/2023/10060397.pdf
McHenry,Patrick T.,R,NC,2023,https://disclosures-clerk.house.gov/public_disc/financial-pdfs/2023/10060043.pdf
Rodgers,Cathy,R,WA,2023,https://disclosures-clerk.house.gov/public_disc/financial-pdfs/2023/10057665.pdf
Meeks,Gregory W.,D,NY,2023,https://disclosures-clerk.house.gov/public_disc/financial-pdfs/2023/10060027.pdf
Menendez,Robert,D,NJ,2023,https://disclosures-clerk.house.gov/public_disc/financial-pdfs/2023/10060861.pdf
Meng,Grace,D,NY,2023,https://disclosures-clerk.house.gov/public_disc/financial-pdfs/2023/10059369.pdf
Merkley,Jeff,D,OR,2024,https://efdsearch.senate.gov/search/view/annual/b40609b3-2856-4dfd-8474-c1ef29624c19/
Meuser,Daniel,R,PA,2023,https://disclosures-clerk.house.gov/public_disc/financial-pdfs/2023/10060930.pdf
Mfume,Kweisi,D,MD,2023,https://disclosures-clerk.house.gov/public_disc/financial-pdfs/2023/10061339.pdf
Miller,Carol D.,R,WV,2023,https://disclosures-clerk.house.gov/public_disc/financial-pdfs/2023/10061752.pdf
Miller,Mary E.,R,IL,2023,https://disclosures-clerk.house.gov/public_disc/financial-pdfs/2023/10060215.pdf
Miller,Max L.,R,OH,2023,https://disclosures-clerk.house.gov/public_disc/financial-pdfs/2023/10059565.pdf
Miller-Meeks,Mariannette,R,IA,2023,https://disclosures-clerk.house.gov/public_disc/financial-pdfs/2023/10061002.pdf
Mills,Cory,R,FL,2023,https://disclosures-clerk.house.gov/public_disc/financial-pdfs/2023/10060178.pdf
Molinaro,Marcus J.,R,NY,2023,https://disclosures-clerk.house.gov/public_disc/financial-pdfs/2023/10061183.pdf
Moolenaar,John R.,R,MI,2023,https://disclosures-clerk.house.gov/public_disc/financial-pdfs/2023/10060292.pdf
Mooney,Alexander X.,R,WV,2023,https://disclosures-clerk.house.gov/public_disc/financial-pdfs/2023/10062529.pdf
Moore,Barry,R,AL,2023,https://disclosures-clerk.house.gov/public_disc/financial-pdfs/2023/10057716.pdf
Moore,Blake D.,R,UT,2023,https://disclosures-clerk.house.gov/public_disc/financial-pdfs/2023/10057449.pdf
Moore,Gwen,D,WI,2023,https://disclosures-clerk.house.gov/public_disc/financial-pdfs/2023/8220488.pdf
Moran,Jerry,R,KS,2024,https://efdsearch.senate.gov/search/view/annual/8b8b4899-b615-438e-b683-89d579f69ac1/
Moran,Nathaniel,R,TX,2023,https://disclosures-clerk.house.gov/public_disc/financial-pdfs/2023/10060240.pdf
Morelle,Joseph D.,D,NY,2023,https://disclosures-clerk.house.gov/public_disc/financial-pdfs/2023/10060705.pdf
Moskowitz,Jared,D,FL,2023,https://disclosures-clerk.house.gov/public_disc/financial-pdfs/2023/10062670.pdf
Moulton,Seth,D,MA,2023,https://disclosures-clerk.house.gov/public_disc/financial-pdfs/2023/10057110.pdf
Moylan,James C.,R,GU,2023,https://disclosures-clerk.house.gov/public_disc/financial-pdfs/2023/10059913.pdf
Mrvan,Frank J.,D,IN,2023,https://disclosures-clerk.house.gov/public_disc/financial-pdfs/2023/10060749.pdf
Mullin,Kevin,D,CA,2023,https://disclosures-clerk.house.gov/public_disc/financial-pdfs/2023/10061164.pdf
Mullin,Markwayne,R,OK,2024,https://efdsearch.senate.gov/search/view/annual/314cb4e0-b326-43be-adf7-e783beb591a0/
Murkowski,Lisa,R,AK,2024,https://efdsearch.senate.gov/search/view/annual/b4b6e7f5-acbb-4a6c-8094-1e554d2149b0/
Murphy,Christopher,D,CT,2024,https://efdsearch.senate.gov/search/view/annual/5f41230d-a763-4b5c-ba50-7756a8226e04/
Murphy,Gregory F.,R,NC,2023,https://disclosures-clerk.house.gov/public_disc/financial-pdfs/2023/10059751.pdf
Murray,Patty,D,WA,2024,https://efdsearch.senate.gov/search/view/annual/0338e0f7-7a96-4b8b-b768-1c99ceb415a9/
Nadler,Jerrold,D,NY,2023,https://disclosures-clerk.house.gov/public_disc/financial-pdfs/2023/8220489.pdf
Napolitano,Grace F.,D,CA,2023,https://disclosures-clerk.house.gov/public_disc/financial-pdfs/2023/10059421.pdf
Neal,Richard E.,D,MA,2023,https://disclosures-clerk.house.gov/public_disc/financial-pdfs/2023/10060911.pdf
Neguse,Joe,D,CO,2023,https://disclosures-clerk.house.gov/public_disc/financial-pdfs/2023/10060382.pdf
Nehls,Troy E.,R,TX,2023,https://disclosures-clerk.house.gov/public_disc/financial-pdfs/2023/10062762.pdf
Newhouse,Dan,R,WA,2023,https://disclosures-clerk.house.gov/public_disc/financial-pdfs/2023/10059166.pdf
Nickel,Wiley,D,NC,2023,https://disclosures-clerk.house.gov/public_disc/financial-pdfs/2023/10060464.pdf
Norcross,Donald,D,NJ,2023,https://disclosures-clerk.house.gov/public_disc/financial-pdfs/2023/10059635.pdf
Norman,Ralph,R,SC,2023,https://disclosures-clerk.house.gov/public_disc/financial-pdfs/2023/10059370.pdf
Norton,Eleanor Holmes,D,DC,2023,https://disclosures-clerk.house.gov/public_disc/financial-pdfs/2023/10057623.pdf
Nunn,Zachary,R,IA,2023,https://disclosures-clerk.house.gov/public_disc/financial-pdfs/2023/10058821.pdf
Obernolte,Jay,R,CA,2023,https://disclosures-clerk.house.gov/public_disc/financial-pdfs/2023/10057742.pdf
Ocasio-Cortez,Alexandria,D,NY,2023,https://disclosures-clerk.house.gov/public_disc/financial-pdfs/2023/10060351.pdf
Ogles,Andrew,R,TN,2023,https://disclosures-clerk.house.gov/public_disc/financial-pdfs/2023/10060354.pdf
Omar,Ilhan,D,MN,2023,https://disclosures-clerk.house.gov/public_disc/financial-pdfs/2023/10060937.pdf
Ossoff,Jon,D,GA,2024,https://efdsearch.senate.gov/search/view/annual/a14df483-dd72-4266-98a2-09b9c7f8d1dc/
Owens,Burgess,R,UT,2023,https://disclosures-clerk.house.gov/public_disc/financial-pdfs/2023/10062290.pdf
Padilla,Alex,D,CA,2024,https://efdsearch.senate.gov/search/view/annual/ca0fa419-d659-4a70-88f1-04687560399a/
Pallone,Frank,D,NJ,2023,https://disclosures-clerk.house.gov/public_disc/financial-pdfs/2023/10058824.pdf
Palmer,Gary J.,R,AL,2023,https://disclosures-clerk.house.gov/public_disc/financial-pdfs/2023/10058923.pdf
Panetta,Jimmy,D,CA,2023,https://disclosures-clerk.house.gov/public_disc/financial-pdfs/2023/10059232.pdf
Pappas,Chris,D,NH,2023,https://disclosures-clerk.house.gov/public_disc/financial-pdfs/2023/10058983.pdf
Paul,Rand,R,KY,2024,https://efdsearch.senate.gov/search/view/annual/26b5e9a7-ce61-4034-9963-3e452816c87e/
Pelosi,Nancy,D,CA,2023,https://disclosures-clerk.house.gov/public_disc/financial-pdfs/2023/10059734.pdf
Peltola,Mary Sattler,D,AK,2023,https://disclosures-clerk.house.gov/public_disc/financial-pdfs/2023/10060548.pdf
Pence,Greg,R,IN,2023,https://disclosures-clerk.house.gov/public_disc/financial-pdfs/2023/10059309.pdf
Gluesenkamp Perez,Marie,D,WA,2023,https://disclosures-clerk.house.gov/public_disc/financial-pdfs/2023/10058984.pdf
Perry,Scott,R,PA,2023,https://disclosures-clerk.house.gov/public_disc/financial-pdfs/2023/10059863.pdf
Peters,Gary C.,D,MI,2024,https://efdsearch.senate.gov/search/view/annual/9adef51e-91a1-467f-a89a-f9279fe51b5d/
Peters,Scott H.,D,CA,2023,https://disclosures-clerk.house.gov/public_disc/financial-pdfs/2023/10061056.pdf
Pettersen,Brittany,D,CO,2023,https://disclosures-clerk.house.gov/public_disc/financial-pdfs/2023/10059117.pdf
Pfluger,August,R,TX,2023,https://disclosures-clerk.house.gov/public_disc/financial-pdfs/2023/10059397.pdf
Phillips,Dean,D,MN,2023,https://disclosures-clerk.house.gov/public_disc/financial-pdfs/2023/10057744.pdf
Pingree,Chellie,D,ME,2023,https://disclosures-clerk.house.gov/public_disc/financial-pdfs/2023/10060194.pdf
Plaskett,Stacey E.,D,VI,2023,https://disclosures-clerk.house.gov/public_disc/financial-pdfs/2023/10061296.pdf
Pocan,Mark,D,WI,2023,https://disclosures-clerk.house.gov/public_disc/financial-pdfs/2023/10061559.pdf
Porter,Katie,D,CA,2023,https://disclosures-clerk.house.gov/public_disc/financial-pdfs/2023/10060103.pdf
Posey,Bill,R,FL,2023,https://disclosures-clerk.house.gov/public_disc/financial-pdfs/2023/8220468.pdf
Pressley,Ayanna,D,MA,2023,https://disclosures-clerk.house.gov/public_disc/financial-pdfs/2023/10061223.pdf
Quigley,Mike,D,IL,2023,https://disclosures-clerk.house.gov/public_disc/financial-pdfs/2023/8220469.pdf
Radewagen,Aumua Amata Coleman,R,AS,2023,https://disclosures-clerk.house.gov/public_disc/financial-pdfs/2023/10059318.pdf
Ramirez,Delia C.,D,IL,2023,https://disclosures-clerk.house.gov/public_disc/financial-pdfs/2023/10059937.pdf
Raskin,Jamie,D,MD,2023,https://disclosures-clerk.house.gov/public_disc/financial-pdfs/2023/10059548.pdf
Reed,Jack,D,RI,2024,https://efdsearch.senate.gov/search/view/annual/d376b366-77d2-46d9-9393-82dc40d91e73/
Reschenthaler,Guy,R,PA,2023,https://disclosures-clerk.house.gov/public_disc/financial-pdfs/2023/10060469.pdf
Ricketts,Pete,R,NE,2024,https://efdsearch.senate.gov/search/view/annual/2eb83de2-c457-4a61-a902-7810952db2d1/
Risch,James E.,R,ID,2024,https://efdsearch.senate.gov/search/view/annual/6231982e-5f6c-4e56-bffb-b40ccd38397b/
Rogers,Harold,R,KY,2023,https://disclosures-clerk.house.gov/public_disc/financial-pdfs/2023/8220606.pdf
Rogers,Mike D.,R,AL,2023,https://disclosures-clerk.house.gov/public_disc/financial-pdfs/2023/8220490.pdf
Romney,Mitt,R,UT,2024,https://efdsearch.senate.gov/search/view/annual/fe4735ee-8675-4ef8-9408-6c87340f1d81/
Rose,John W.,R,TN,2023,https://disclosures-clerk.house.gov/public_disc/financial-pdfs/2023/10061010.pdf
Rosen,Jacky,D,NV,2024,https://efdsearch.senate.gov/search/view/annual/f773ab4e-abed-426c-9c17-95a91cc78412/
Rosendale,Matthew M.,R,MT,2023,https://disclosures-clerk.house.gov/public_disc/financial-pdfs/2023/10059430.pdf
Ross,Deborah K.,D,NC,2023,https://disclosures-clerk.house.gov/public_disc/financial-pdfs/2023/10059715.pdf
Rounds,Mike,R,SD,2024,https://efdsearch.senate.gov/search/view/annual/157efca4-3dd9-4fa1-9f76-28801e38d12d/
Rouzer,David,R,NC,2023,https://disclosures-clerk.house.gov/public_disc/financial-pdfs/2023/10060621.pdf
Roy,Chip,R,TX,2023,https://disclosures-clerk.house.gov/public_disc/financial-pdfs/2023/10060253.pdf
Rubio,Marco,R,FL,2024,https://efdsearch.senate.gov/search/view/annual/45f8d47c-fa4b-4a5d-b810-33bf8e7e521b/
Ruiz,Raul,D,CA,2023,https://disclosures-clerk.house.gov/public_disc/financial-pdfs/2023/10058890.pdf
Ruppersberger,C. A. Dutch,D,MD,2023,https://disclosures-clerk.house.gov/public_disc/financial-pdfs/2023/10058985.pdf
Rutherford,John H.,R,FL,2023,https://disclosures-clerk.house.gov/public_disc/financial-pdfs/2023/10059848.pdf
Ryan,Patrick,D,NY,2023,https://disclosures-clerk.house.gov/public_disc/financial-pdfs/2023/10059418.pdf
Sablan,Gregorio Kilili Camacho,D,MP,2023,https://disclosures-clerk.house.gov/public_disc/financial-pdfs/2023/10057550.pdf
Salazar,Maria Elvira,R,FL,2023,https://disclosures-clerk.house.gov/public_disc/financial-pdfs/2023/10057762.pdf
Salinas,Andrea,D,OR,2023,https://disclosures-clerk.house.gov/public_disc/financial-pdfs/2023/10057554.pdf
Sanders,Bernard,I,VT,2024,https://efdsearch.senate.gov/search/view/annual/c69e42e6-1c9c-44d9-b097-60be798b8661/
Sarbanes,John P.,D,MD,2023,https://disclosures-clerk.house.gov/public_disc/financial-pdfs/2023/10060024.pdf
Scalise,Steve,R,LA,2023,https://disclosures-clerk.house.gov/public_disc/financial-pdfs/2023/10057111.pdf
Scanlon,Mary Gay,D,PA,2023,https://disclosures-clerk.house.gov/public_disc/financial-pdfs/2023/10060201.pdf
Schakowsky,Janice D.,D,IL,2023,https://disclosures-clerk.house.gov/public_disc/financial-pdfs/2023/10059251.pdf
Schatz,Brian,D,HI,2024,https://efdsearch.senate.gov/search/view/annual/c0bab3b6-4e45-4318-8f17-f06d7efbec4b/
Schiff,Adam B.,D,CA,2023,https://disclosures-clerk.house.gov/public_disc/financial-pdfs/2023/10057292.pdf
Schmitt,Eric,R,MO,2024,https://efdsearch.senate.gov/search/view/annual/b86d9173-de3a-4f1c-bf2c-29b7f956ba4f/
Schneider,Bradley Scott,D,IL,2023,https://disclosures-clerk.house.gov/public_disc/financial-pdfs/2023/10059475.pdf
Scholten,Hillary J.,D,MI,2023,https://disclosures-clerk.house.gov/public_disc/financial-pdfs/2023/10060915.pdf
Schrier,Kim,D,WA,2023,https://disclosures-clerk.house.gov/public_disc/financial-pdfs/2023/10057734.pdf
Schumer,Charles E.,D,NY,2024,https://efdsearch.senate.gov/search/view/annual/bdc5113d-5891-462e-9501-ad2e5a697d51/
Schweikert,David,R,AZ,2023,https://disclosures-clerk.house.gov/public_disc/financial-pdfs/2023/10060213.pdf
Scott,Austin,R,GA,2023,https://disclosures-clerk.house.gov/public_disc/financial-pdfs/2023/10062669.pdf
Scott,David,D,GA,2023,https://disclosures-clerk.house.gov/public_disc/financial-pdfs/2023/10062669.pdf
Scott,Rick,R,FL,2024,https://efdsearch.senate.gov/search/view/annual/f1c73d96-7e08-4a24-bd97-ec0b085782b8/
Scott,"Robert C. ""Bobby""",D,VA,2023,https://disclosures-clerk.house.gov/public_disc/financial-pdfs/2023/10061165.pdf
Scott,Tim,R,SC,2024,https://efdsearch.senate.gov/search/view/annual/9e7b377c-4514-4ab5-90db-9e76d43c4b30/
Self,Keith,R,TX,2023,https://disclosures-clerk.house.gov/public_disc/financial-pdfs/2023/8220491.pdf
Sessions,Pete,R,TX,2023,https://disclosures-clerk.house.gov/public_disc/financial-pdfs/2023/10062485.pdf
Sewell,Terri A.,D,AL,2023,https://disclosures-clerk.house.gov/public_disc/financial-pdfs/2023/10062696.pdf
Shaheen,Jeanne,D,NH,2024,https://efdsearch.senate.gov/search/view/annual/952e43aa-f40c-4311-b8f1-b08d3e8ff097/
Sherman,Brad,D,CA,2023,https://disclosures-clerk.house.gov/public_disc/financial-pdfs/2023/8220492.pdf
Sherrill,Mikie,D,NJ,2023,https://disclosures-clerk.house.gov/public_disc/financial-pdfs/2023/10060419.pdf
Simpson,Michael K.,R,ID,2023,https://disclosures-clerk.house.gov/public_disc/financial-pdfs/2023/10059701.pdf
Sinema,Kyrsten,I,AZ,2024,https://efdsearch.senate.gov/search/view/annual/eb37d9be-fe95-4680-a93d-8e22b7f887cc/
Slotkin,Elissa,D,MI,2023,https://disclosures-clerk.house.gov/public_disc/financial-pdfs/2023/10060506.pdf
Smith,Adam,D,WA,2023,https://disclosures-clerk.house.gov/public_disc/financial-pdfs/2023/10059530.pdf
Smith,Adrian,R,NE,2023,https://disclosures-clerk.house.gov/public_disc/financial-pdfs/2023/10059993.pdf
Smith,Christopher H.,R,NJ,2023,https://disclosures-clerk.house.gov/public_disc/financial-pdfs/2023/10061508.pdf
Smith,Jason,R,MO,2023,https://disclosures-clerk.house.gov/public_disc/financial-pdfs/2023/10060205.pdf
Smith,Tina,D,MN,2024,https://efdsearch.senate.gov/search/view/annual/34de9852-21e9-45db-9975-8e7b4b4194af/
Smucker,Lloyd,R,PA,2023,https://disclosures-clerk.house.gov/public_disc/financial-pdfs/2023/10059918.pdf
Sorensen,Eric,D,IL,2023,https://disclosures-clerk.house.gov/public_disc/financial-pdfs/2023/10059289.pdf
Soto,Darren,D,FL,2023,https://disclosures-clerk.house.gov/public_disc/financial-pdfs/2023/10059606.pdf
Spanberger,Abigail Davis,D,VA,2023,https://disclosures-clerk.house.gov/public_disc/financial-pdfs/2023/10058906.pdf
Spartz,Victoria,R,IN,2023,https://disclosures-clerk.house.gov/public_disc/financial-pdfs/2023/10061003.pdf
Stabenow,Debbie,D,MI,2024,https://efdsearch.senate.gov/search/view/annual/2a07642e-57d6-482c-abf1-71b5416afa66/
Stansbury,Melanie A.,D,NM,2023,https://disclosures-clerk.house.gov/public_disc/financial-pdfs/2023/10061095.pdf
Stanton,Greg,D,AZ,2023,https://disclosures-clerk.house.gov/public_disc/financial-pdfs/2023/10060122.pdf
Stauber,Pete,R,MN,2023,https://disclosures-clerk.house.gov/public_disc/financial-pdfs/2023/10059931.pdf
Steel,Michelle,R,CA,2023,https://disclosures-clerk.house.gov/public_disc/financial-pdfs/2023/10060211.pdf
Stefanik,Elise M.,R,NY,2023,https://disclosures-clerk.house.gov/public_disc/financial-pdfs/2023/8220576.pdf
Steil,Bryan,R,WI,2023,https://disclosures-clerk.house.gov/public_disc/financial-pdfs/2023/10059613.pdf
Steube,W. Gregory,R,FL,2023,https://disclosures-clerk.house.gov/public_disc/financial-pdfs/2023/10057284.pdf
Stevens,Haley M.,D,MI,2023,https://disclosures-clerk.house.gov/public_disc/financial-pdfs/2023/10060894.pdf
Strickland,Marilyn,D,WA,2023,https://disclosures-clerk.house.gov/public_disc/financial-pdfs/2023/10061264.pdf
Strong,Dale W.,R,AL,2023,https://disclosures-clerk.house.gov/public_disc/financial-pdfs/2023/10057458.pdf
Sullivan,Dan,R,AK,2024,https://efdsearch.senate.gov/search/view/annual/d312120e-0f6d-4d85-89f6-7aa083037537/
Suozzi,Thomas R.,D,NY,2023,https://disclosures-clerk.house.gov/public_disc/financial-pdfs/2023/10060566.pdf
Swalwell,Eric,D,CA,2023,https://disclosures-clerk.house.gov/public_disc/financial-pdfs/2023/10061638.pdf
Sykes,Emilia Strong,D,OH,2023,https://disclosures-clerk.house.gov/public_disc/financial-pdfs/2023/10059346.pdf
Sanchez,Linda T.,D,CA,2023,https://disclosures-clerk.house.gov/public_disc/financial-pdfs/2023/10061605.pdf
Takano,Mark,D,CA,2023,https://disclosures-clerk.house.gov/public_disc/financial-pdfs/2023/10061334.pdf
Tenney,Claudia,R,NY,2023,https://disclosures-clerk.house.gov/public_disc/financial-pdfs/2023/10060313.pdf
Tester,Jon,D,MT,2024,https://efdsearch.senate.gov/search/view/annual/d8a0617f-2a28-465f-933c-21f67dbdce0d/
Thanedar,Shri,D,MI,2023,https://disclosures-clerk.house.gov/public_disc/financial-pdfs/2023/10057305.pdf
Thompson,Bennie G.,D,MS,2023,https://disclosures-clerk.house.gov/public_disc/financial-pdfs/2023/10060790.pdf
Thompson,Glenn,R,PA,2023,https://disclosures-clerk.house.gov/public_disc/financial-pdfs/2023/10059584.pdf
Thompson,Mike,D,CA,2023,https://disclosures-clerk.house.gov/public_disc/financial-pdfs/2023/8220493.pdf
Thune,John,R,SD,2024,https://efdsearch.senate.gov/search/view/annual/0ffe1984-35f3-4389-a4c0-90025790ce96/
Tiffany,Thomas P.,R,WI,2023,https://disclosures-clerk.house.gov/public_disc/financial-pdfs/2023/10059274.pdf
Tillis,Thomas,R,NC,2024,https://efdsearch.senate.gov/search/view/annual/5f91f59d-3962-48bd-a19f-fa97f502642f/
Timmons,William R.,R,SC,2023,https://disclosures-clerk.house.gov/public_disc/financial-pdfs/2023/10060199.pdf
Titus,Dina,D,NV,2023,https://disclosures-clerk.house.gov/public_disc/financial-pdfs/2023/8220494.pdf
Tlaib,Rashida,D,MI,2023,https://disclosures-clerk.house.gov/public_disc/financial-pdfs/2023/10057613.pdf
Tokuda,Jill N.,D,HI,2023,https://disclosures-clerk.house.gov/public_disc/financial-pdfs/2023/10059942.pdf
Tonko,Paul,D,NY,2023,https://disclosures-clerk.house.gov/public_disc/financial-pdfs/2023/10060062.pdf
Torres,Norma J.,D,CA,2023,https://disclosures-clerk.house.gov/public_disc/financial-pdfs/2023/10060139.pdf
Torres,Ritchie,D,NY,2023,https://disclosures-clerk.house.gov/public_disc/financial-pdfs/2023/10060420.pdf
Trahan,Lori,D,MA,2023,https://disclosures-clerk.house.gov/public_disc/financial-pdfs/2023/10060049.pdf
Trone,David J.,D,MD,2023,https://disclosures-clerk.house.gov/public_disc/financial-pdfs/2023/10059089.pdf
Tuberville,Tommy,R,AL,2024,https://efdsearch.senate.gov/search/view/annual/9fd713f6-2903-424f-9069-385bcfd463b4/
Turner,Michael R.,R,OH,2023,https://disclosures-clerk.house.gov/public_disc/financial-pdfs/2023/10057584.pdf
Underwood,Lauren,D,IL,2023,https://disclosures-clerk.house.gov/public_disc/financial-pdfs/2023/10058869.pdf
Valadao,David G.,R,CA,2023,https://disclosures-clerk.house.gov/public_disc/financial-pdfs/2023/10062640.pdf
Van Drew,Jefferson,R,NJ,2023,https://disclosures-clerk.house.gov/public_disc/financial-pdfs/2023/8220495.pdf
Van Duyne,Beth,R,TX,2023,https://disclosures-clerk.house.gov/public_disc/financial-pdfs/2023/10062418.pdf
Van Hollen,Chris,D,MD,2024,https://efdsearch.senate.gov/search/view/paper/249d9537-fc4e-4331-8bb2-a1949ea71805/
Van Orden,Derrick,R,WI,2023,https://disclosures-clerk.house.gov/public_disc/financial-pdfs/2023/10060782.pdf
Vance,J. D.,R,OH,2024,https://efdsearch.senate.gov/search/view/annual/2f2f5bbc-50c5-4b00-acd9-85870f9e349c/
Vargas,Juan,D,CA,2023,https://disclosures-clerk.house.gov/public_disc/financial-pdfs/2023/10060557.pdf
Vasquez,Gabe,D,NM,2023,https://disclosures-clerk.house.gov/public_disc/financial-pdfs/2023/10061303.pdf
Veasey,Marc A.,D,TX,2023,https://disclosures-clerk.house.gov/public_disc/financial-pdfs/2023/10059416.pdf
Velázquez,Nydia M.,D,NY,2023,https://disclosures-clerk.house.gov/public_disc/financial-pdfs/2023/10060080.pdf
Wagner,Ann,R,MO,2023,https://disclosures-clerk.house.gov/public_disc/financial-pdfs/2023/10059149.pdf
Walberg,Tim,R,MI,2023,https://disclosures-clerk.house.gov/public_disc/financial-pdfs/2023/10059633.pdf
Waltz,Michael,R,FL,2023,https://disclosures-clerk.house.gov/public_disc/financial-pdfs/2023/10057260.pdf
Warner,Mark R.,D,VA,2024,https://efdsearch.senate.gov/search/view/annual/3e6d6b43-dd61-4594-813e-1c35ce99c58b/
Warnock,Raphael G.,D,GA,2024,https://efdsearch.senate.gov/search/view/annual/4cca582f-16be-46f4-8378-744ad9b46c67/
Warren,Elizabeth,D,MA,2024,https://efdsearch.senate.gov/search/view/annual/bcaf0292-332d-4c94-8303-1935043c16cf/
Wasserman Schultz,Debbie,D,FL,2023,https://disclosures-clerk.house.gov/public_disc/financial-pdfs/2023/10057649.pdf
Waters,Maxine,D,CA,2023,https://disclosures-clerk.house.gov/public_disc/financial-pdfs/2023/10062261.pdf
Coleman,Bonnie,D,NJ,2023,https://disclosures-clerk.house.gov/public_disc/financial-pdfs/2023/8220482.pdf
Weber,Randy K. Sr.,R,TX,2023,https://disclosures-clerk.house.gov/public_disc/financial-pdfs/2023/10062345.pdf
Webster,Daniel,R,FL,2023,https://disclosures-clerk.house.gov/public_disc/financial-pdfs/2023/10057044.pdf
Welch,Peter,D,VT,2024,https://efdsearch.senate.gov/search/view/annual/7ed9a0a2-7cd3-4c92-bb28-b371d8459e8a/
Wenstrup,Brad R.,R,OH,2023,https://disclosures-clerk.house.gov/public_disc/financial-pdfs/2023/10059617.pdf
Westerman,Bruce,R,AR,2023,https://disclosures-clerk.house.gov/public_disc/financial-pdfs/2023/10060295.pdf
Wexton,Jennifer,D,VA,2023,https://disclosures-clerk.house.gov/public_disc/financial-pdfs/2023/10061314.pdf
Whitehouse,Sheldon,D,RI,2024,https://efdsearch.senate.gov/search/view/annual/1eb0d806-fa8f-44bd-a693-910e67cad938/
Wicker,Roger F.,R,MS,2024,https://efdsearch.senate.gov/search/view/annual/2f301679-7bb3-43a7-8adc-86dd7b13ddd9/
Wild,Susan,D,PA,2023,https://disclosures-clerk.house.gov/public_disc/financial-pdfs/2023/10060924.pdf
Williams,Brandon,R,NY,2023,https://disclosures-clerk.house.gov/public_disc/financial-pdfs/2023/10061243.pdf
Williams,Nikema,D,GA,2023,https://disclosures-clerk.house.gov/public_disc/financial-pdfs/2023/10061324.pdf
Williams,Roger,R,TX,2023,https://disclosures-clerk.house.gov/public_disc/financial-pdfs/2023/10059583.pdf
Wilson,Frederica S.,D,FL,2023,https://disclosures-clerk.house.gov/public_disc/financial-pdfs/2023/10060465.pdf
Wilson,Joe,R,SC,2023,https://disclosures-clerk.house.gov/public_disc/financial-pdfs/2023/10060013.pdf
Wittman,Robert J.,R,VA,2023,https://disclosures-clerk.house.gov/public_disc/financial-pdfs/2023/10059371.pdf
Womack,Steve,R,AR,2023,https://disclosures-clerk.house.gov/public_disc/financial-pdfs/2023/10059669.pdf
Wyden,Ron,D,OR,2024,https://efdsearch.senate.gov/search/view/annual/ed172e8b-cb21-4759-8a1c-7b7125fc3454/
Yakym,Rudy,R,IN,2023,https://disclosures-clerk.house.gov/public_disc/financial-pdfs/2023/10060220.pdf
Young,Todd,R,IN,2024,https://efdsearch.senate.gov/search/view/annual/f40dcd83-4a4a-47b5-bb52-2ef517870c7f/
Cramer,Kevin,R,ND,2025,https://efdsearch.senate.gov/search/view/annual/91d94411-dd88-48e8-acc9-e386407a728f/
Franklin,Scott,R,FL,2023,https://disclosures-clerk.house.gov/public_disc/financial-pdfs/2023/10057719.pdf
Johnson,Julie,D,TX,2021,https://disclosures-clerk.house.gov/public_disc/financial-pdfs/2021/10046144.pdf
Kennedy,Timothy M.,D,NY,2023,https://disclosures-clerk.house.gov/public_disc/financial-pdfs/2023/10062077.pdf
Zinke,Ryan K.,R,MT,2023,https://disclosures-clerk.house.gov/public_disc/financial-pdfs/2023/10059772.pdf
Baldwin,Tammy,D,WI,2025,https://efdsearch.senate.gov/search/view/annual/e1d51691-0931-46b8-a518-c4fc261653f9/
Barrasso,John,R,WY,2025,https://efdsearch.senate.gov/search/view/annual/9a90bea5-c762-4ccb-983f-db68a76b1e15/
Bennet,Michael F.,D,CO,2025,https://efdsearch.senate.gov/search/view/annual/02513815-e33c-4286-a1c0-be256cfe895b/
Blunt Rochester,Lisa,D,DE,2025,https://efdsearch.senate.gov/search/view/annual/8b27a178-5d21-4754-9f85-ff6471d75dea/
Booker,Cory A.,D,NJ,2025,https://efdsearch.senate.gov/search/view/annual/c5bef4ec-17d4-4c1f-b147-13453fe81588/
Cantwell,Maria,D,WA,2025,https://efdsearch.senate.gov/search/view/annual/7c685221-f760-4704-9387-874d9e7aab6e/
Capito,Shelley Moore,R,WV,2025,https://efdsearch.senate.gov/search/view/annual/56ff880c-f3ce-468c-99cd-a65364d4a0ad/
Cassidy,Bill,R,LA,2025,https://efdsearch.senate.gov/search/view/annual/e010e69c-156c-41bd-b966-08248add369d/
Collins,Susan M.,R,ME,2025,https://efdsearch.senate.gov/search/view/annual/3dfde21c-e97b-43ff-99ed-150fb29dfcdc/
Cornyn,John,R,TX,2025,https://efdsearch.senate.gov/search/view/annual/24280fe2-a3f8-485c-bdce-f5991d22c1cb/
Crapo,Mike,R,ID,2025,https://efdsearch.senate.gov/search/view/annual/75ec449f-af6f-41af-b911-48b0e9ed23c2/
Daines,Steve,R,MT,2025,https://efdsearch.senate.gov/search/view/annual/64bcf990-688c-41ce-9300-d7452f78e583/
Ernst,Joni,R,IA,2025,https://efdsearch.senate.gov/search/view/annual/512f89d1-aaa9-4850-bd2b-29622809776e/
Fetterman,John,D,PA,2025,https://efdsearch.senate.gov/search/view/annual/9ef89267-7a26-4195-8e77-fece18ed09a7/
Fischer,Deb,R,NE,2025,https://efdsearch.senate.gov/search/view/annual/d141d368-0226-4e4a-b7d4-26327b7105b4/
Gallego,Ruben,D,AZ,2025,https://efdsearch.senate.gov/search/view/annual/31fa8808-03f6-43fa-b119-99fd52135898/
Gillibrand,Kirsten E.,D,NY,2025,https://efdsearch.senate.gov/search/view/annual/1458b0e4-3292-47e1-ad25-90fdc21e83a0/
Graham,Lindsey,R,SC,2025,https://efdsearch.senate.gov/search/view/annual/696f53d0-7b88-4762-90bd-fbc241707c55/
Grassley,Chuck,R,IA,2025,https://efdsearch.senate.gov/search/view/annual/b466530c-0aae-4013-a055-8a517731a565/
Hawley,Josh,R,MO,2025,https://efdsearch.senate.gov/search/view/annual/53ce291b-801b-4ace-a441-cc1d88c86069/
Hickenlooper,John W.,D,CO,2025,https://efdsearch.senate.gov/search/view/annual/2d8ab18f-612f-4dfd-92f7-87740b0cc9ec/
Hoeven,John,R,ND,2025,https://efdsearch.senate.gov/search/view/annual/e9ae89fc-42b9-4dd3-a3ce-5a37aea0bb34/
Johnson,Ron,R,WI,2025,https://efdsearch.senate.gov/search/view/annual/be1cbc9f-7e98-4e7d-9f90-a060498d5449/
Kaine,Tim,D,VA,2025,https://efdsearch.senate.gov/search/view/annual/0acdf6ca-e13d-4e0c-9028-93c43ec97131/
King,Angus S.,I,ME,2025,https://efdsearch.senate.gov/search/view/annual/31f21bd8-5300-441c-b6e5-a2fe0661cc57/
Klobuchar,Amy,D,MN,2025,https://efdsearch.senate.gov/search/view/annual/e6e8b03d-3357-4864-ad96-1b321114cb9c/
Lankford,James,R,OK,2025,https://efdsearch.senate.gov/search/view/annual/46c769a4-050d-4298-b95a-41284ad787e5/
Lujan,Ben Ray,D,NM,2025,https://efdsearch.senate.gov/search/view/paper/e9ec1cb6-4198-42c6-98f3-dfb0ff2b92b3/
Markey,Edward J.,D,MA,2025,https://efdsearch.senate.gov/search/view/paper/2bba0b72-2603-4abb-bad6-a7d19e3e7a87/
Merkley,Jeff,D,OR,2025,https://efdsearch.senate.gov/search/view/annual/f7a47b83-d0d1-4057-a001-c705cff6319f/
Moran,Jerry,R,KS,2025,https://efdsearch.senate.gov/search/view/annual/7beda471-6954-4a89-a1d8-9919afb1a571/
Murkowski,Lisa,R,AK,2025,https://efdsearch.senate.gov/search/view/annual/9f529316-1356-46f4-9616-d6b97b22842d/
Murray,Patty,D,WA,2025,https://efdsearch.senate.gov/search/view/annual/eb3d7622-7ab4-4a01-af38-a2bac2c3930f/
Ossoff,Jon,D,GA,2025,https://efdsearch.senate.gov/search/view/annual/8e39e175-4a0b-4170-8981-294ba4e943d3/
Peters,Gary C.,D,MI,2025,https://efdsearch.senate.gov/search/view/annual/a2657875-8c06-48fd-914e-e32930731d32/
Reed,Jack,D,RI,2025,https://efdsearch.senate.gov/search/view/annual/8462e488-37da-44f6-84d2-410a3388114d/
Ricketts,Pete,R,NE,2025,https://efdsearch.senate.gov/search/view/annual/355ca0f6-a3d6-4d82-bb2f-d35283c4404d/
Sanders,Bernard,I,VT,2025,https://efdsearch.senate.gov/search/view/annual/73212fa2-e326-4793-8020-1d126e59054c/
Schumer,Charles E.,D,NY,2025,https://efdsearch.senate.gov/search/view/annual/bba80a2f-2cff-4c01-a60e-416b8b44c8cd/
Scott,Tim,R,SC,2025,https://efdsearch.senate.gov/search/view/annual/31313d73-5cb1-4799-9622-ebbf621712a8/
Smith,Tina,D,MN,2025,https://efdsearch.senate.gov/search/view/annual/2ebdc6b4-99ab-4386-a182-854495c34248/
Thune,John,R,SD,2025,https://efdsearch.senate.gov/search/view/annual/da632936-283a-44b9-a261-535973791a12/
Van Hollen,Chris,D,MD,2025,https://efdsearch.senate.gov/search/view/paper/875a1b37-8209-4276-8451-b8c1d8ee1a83/
Warnock,Raphael G.,D,GA,2025,https://efdsearch.senate.gov/search/view/annual/978c4901-4987-442b-8c3f-e40e28fc05ac/
Warren,Elizabeth,D,MA,2025,https://efdsearch.senate.gov/search/view/annual/fd6288d2-f24d-4a46-ae29-96de9f53978e/
Welch,Peter,D,VT,2025,https://efdsearch.senate.gov/search/view/annual/674866ed-cc5a-4165-8c6f-3fa5a519b201/
Young,Todd,R,IN,2025,https://efdsearch.senate.gov/search/view/annual/fb5f7acf-ca54-4557-87cf-33d7bacb6bfa/
Adams,Alma S.,D,NC,2024,https://disclosures-clerk.house.gov/public_disc/financial-pdfs/2024/10066961.pdf
Aderholt,Robert B.,R,AL,2024,https://disclosures-clerk.house.gov/public_disc/financial-pdfs/2024/10067693.pdf
Aguilar,Pete,D,CA,2024,https://disclosures-clerk.house.gov/public_disc/financial-pdfs/2024/10067524.pdf
Alford,Mark,R,MO,2024,https://disclosures-clerk.house.gov/public_disc/financial-pdfs/2024/10067381.pdf
Allen,Rick W.,R,GA,2024,https://disclosures-clerk.house.gov/public_disc/financial-pdfs/2024/10071878.pdf
Alsobrooks,Angela D.,D,MD,2025,https://efdsearch.senate.gov/search/view/annual/3b286d6a-d4ab-4557-a355-1886953b70b3/
Amo,Gabe,D,RI,2024,https://disclosures-clerk.house.gov/public_disc/financial-pdfs/2024/10066976.pdf
Amodei,Mark E.,R,NV,2024,https://disclosures-clerk.house.gov/public_disc/financial-pdfs/2024/10067998.pdf
Ansari,Yassamin,D,AZ,2024,https://disclosures-clerk.house.gov/public_disc/financial-pdfs/2024/10072050.pdf
Arrington,Jodey C.,R,TX,2024,https://disclosures-clerk.house.gov/public_disc/financial-pdfs/2024/10067582.pdf
Auchincloss,Jake,D,MA,2024,https://disclosures-clerk.house.gov/public_disc/financial-pdfs/2024/10065692.pdf
Babin,Brian,R,TX,2024,https://disclosures-clerk.house.gov/public_disc/financial-pdfs/2024/10066194.pdf
Bacon,Don,R,NE,2024,https://disclosures-clerk.house.gov/public_disc/financial-pdfs/2024/10066793.pdf
Baird,James R.,R,IN,2024,https://disclosures-clerk.house.gov/public_disc/financial-pdfs/2024/10069143.pdf
Balderson,Troy,R,OH,2024,https://disclosures-clerk.house.gov/public_disc/financial-pdfs/2024/10068064.pdf
Balint,Becca,D,VT,2024,https://disclosures-clerk.house.gov/public_disc/financial-pdfs/2024/10066161.pdf
Banks,Jim,R,IN,2025,https://efdsearch.senate.gov/search/view/annual/48db1810-e330-4152-bbcb-d5496928ac2a/
Barr,Andy,R,KY,2024,https://disclosures-clerk.house.gov/public_disc/financial-pdfs/2024/10066141.pdf
Barragan,Nanette Diaz,D,CA,2024,https://disclosures-clerk.house.gov/public_disc/financial-pdfs/2024/10067907.pdf
Barrett,Tom,R,MI,2024,https://disclosures-clerk.house.gov/public_disc/financial-pdfs/2024/10067593.pdf
Baumgartner,Michael,R,WA,2024,https://disclosures-clerk.house.gov/public_disc/financial-pdfs/2024/10067648.pdf
Bean,Aaron,R,FL,2024,https://disclosures-clerk.house.gov/public_disc/financial-pdfs/2024/10068387.pdf
Beatty,Joyce,D,OH,2024,https://disclosures-clerk.house.gov/public_disc/financial-pdfs/2024/10068996.pdf
Begich,Nicholas J.,R,AK,2024,https://disclosures-clerk.house.gov/public_disc/financial-pdfs/2024/10067366.pdf
Bell,Wesley,D,MO,2024,https://disclosures-clerk.house.gov/public_disc/financial-pdfs/2024/10068770.pdf
Bentz,Cliff,R,OR,2024,https://disclosures-clerk.house.gov/public_disc/financial-pdfs/2024/10067150.pdf
Bera,Ami,D,CA,2024,https://disclosures-clerk.house.gov/public_disc/financial-pdfs/2024/10071877.pdf
Bergman,Jack,R,MI,2024,https://disclosures-clerk.house.gov/public_disc/financial-pdfs/2024/10068849.pdf
Beyer,Donald S.,D,VA,2024,https://disclosures-clerk.house.gov/public_disc/financial-pdfs/2024/10068176.pdf
Bice,Stephanie I.,R,OK,2024,https://disclosures-clerk.house.gov/public_disc/financial-pdfs/2024/10067925.pdf
Biggs,Andy,R,AZ,2024,https://disclosures-clerk.house.gov/public_disc/financial-pdfs/2024/10066999.pdf
Biggs,Sheri,R,SC,2024,https://disclosures-clerk.house.gov/public_disc/financial-pdfs/2024/10066936.pdf
Bilirakis,Gus M.,R,FL,2024,https://disclosures-clerk.house.gov/public_disc/financial-pdfs/2024/8221132.pdf
Bishop,Sanford D.,D,GA,2024,https://disclosures-clerk.house.gov/public_disc/financial-pdfs/2024/10067641.pdf
Blackburn,Marsha,R,TN,2025,https://efdsearch.senate.gov/search/view/annual/acdd06ce-e59d-4504-b0d4-4048c85891e5/
Blumenthal,Richard,D,CT,2025,https://efdsearch.senate.gov/search/view/paper/4bf18a0b-616c-4982-b29a-e405983bb51b/
Boebert,Lauren,R,CO,2024,https://disclosures-clerk.house.gov/public_disc/financial-pdfs/2024/10070343.pdf
Bonamici,Suzanne,D,OR,2024,https://disclosures-clerk.house.gov/public_disc/financial-pdfs/2024/10067137.pdf
Boozman,John,R,AR,2025,https://efdsearch.senate.gov/search/view/annual/9441167a-b907-4f2a-a52c-69303df6ee56/
Bost,Mike,R,IL,2024,https://disclosures-clerk.house.gov/public_disc/financial-pdfs/2024/10068493.pdf
Boyle,Brendan F.,D,PA,2024,https://disclosures-clerk.house.gov/public_disc/financial-pdfs/2024/10071887.pdf
Brecheen,Josh,R,OK,2024,https://disclosures-clerk.house.gov/public_disc/financial-pdfs/2024/10066899.pdf
Bresnahan,Robert P.,R,PA,2024,https://disclosures-clerk.house.gov/public_disc/financial-pdfs/2024/10066455.pdf
Britt,Katie Boyd,R,AL,2025,https://efdsearch.senate.gov/search/view/annual/d5afe8e9-b8b3-4265-9075-7935cbb7ba0b/
Brown,Shontel M.,D,OH,2024,https://disclosures-clerk.house.gov/public_disc/financial-pdfs/2024/10068844.pdf
Brownley,Julia,D,CA,2024,https://disclosures-clerk.house.gov/public_disc/financial-pdfs/2024/10066853.pdf
Buchanan,Vern,R,FL,2024,https://disclosures-clerk.house.gov/public_disc/financial-pdfs/2024/10068803.pdf
Budd,Ted,R,NC,2025,https://efdsearch.senate.gov/search/view/annual/81dc00fe-0704-465b-8a07-5648b4711d24/
Budzinski,Nikki,D,IL,2024,https://disclosures-clerk.house.gov/public_disc/financial-pdfs/2024/10066604.pdf
Burchett,Tim,R,TN,2024,https://disclosures-clerk.house.gov/public_disc/financial-pdfs/2024/10067407.pdf
Burlison,Eric,R,MO,2024,https://disclosures-clerk.house.gov/public_disc/financial-pdfs/2024/10072081.pdf
Bynum,Janelle S.,D,OR,2024,https://disclosures-clerk.house.gov/public_disc/financial-pdfs/2024/10072030.pdf
Calvert,Ken,R,CA,2024,https://disclosures-clerk.house.gov/public_disc/financial-pdfs/2024/10068324.pdf
Cammack,Kat,R,FL,2024,https://disclosures-clerk.house.gov/public_disc/financial-pdfs/2024/10072021.pdf
Carbajal,Salud O.,D,CA,2024,https://disclosures-clerk.house.gov/public_disc/financial-pdfs/2024/10067103.pdf
Carey,Mike,R,OH,2024,https://disclosures-clerk.house.gov/public_disc/financial-pdfs/2024/10072075.pdf
Carson,André,D,IN,2024,https://disclosures-clerk.house.gov/public_disc/financial-pdfs/2024/10068233.pdf
Carter,"Earl L. ""Buddy""",R,GA,2024,https://disclosures-clerk.house.gov/public_disc/financial-pdfs/2024/10066714.pdf
Carter,John R.,R,TX,2024,https://disclosures-clerk.house.gov/public_disc/financial-pdfs/2024/10067014.pdf
Carter,Troy A.,D,LA,2024,https://disclosures-clerk.house.gov/public_disc/financial-pdfs/2024/8221133.pdf
Casar,Greg,D,TX,2024,https://disclosures-clerk.house.gov/public_disc/financial-pdfs/2024/10067213.pdf
Case,Ed,D,HI,2024,https://disclosures-clerk.house.gov/public_disc/financial-pdfs/2024/10066777.pdf
Casten,Sean,D,IL,2024,https://disclosures-clerk.house.gov/public_disc/financial-pdfs/2024/10066137.pdf
Castor,Kathy,D,FL,2024,https://disclosures-clerk.house.gov/public_disc/financial-pdfs/2024/10066133.pdf
Castro,Joaquin,D,TX,2024,https://disclosures-clerk.house.gov/public_disc/financial-pdfs/2024/9115587.pdf
Cherfilus-McCormick,Sheila,D,FL,2024,https://disclosures-clerk.house.gov/public_disc/financial-pdfs/2024/9115612.pdf
Chu,Judy,D,CA,2024,https://disclosures-clerk.house.gov/public_disc/financial-pdfs/2024/10066343.pdf
Ciscomani,Juan,R,AZ,2024,https://disclosures-clerk.house.gov/public_disc/financial-pdfs/2024/10067485.pdf
Cisneros,Gilbert Ray,D,CA,2024,https://disclosures-clerk.house.gov/public_disc/financial-pdfs/2024/10066139.pdf
Clark,Katherine M.,D,MA,2024,https://disclosures-clerk.house.gov/public_disc/financial-pdfs/2024/10066244.pdf
Clarke,Yvette D.,D,NY,2024,https://disclosures-clerk.house.gov/public_disc/financial-pdfs/2024/10069178.pdf
Cleaver,Emanuel,D,MO,2024,https://disclosures-clerk.house.gov/public_disc/financial-pdfs/2024/10067367.pdf
Cline,Ben,R,VA,2024,https://disclosures-clerk.house.gov/public_disc/financial-pdfs/2024/10068858.pdf
Cloud,Michael,R,TX,2024,https://disclosures-clerk.house.gov/public_disc/financial-pdfs/2024/10067265.pdf
Clyburn,James E.,D,SC,2024,https://disclosures-clerk.house.gov/public_disc/financial-pdfs/2024/10066672.pdf
Clyde,Andrew S.,R,GA,2024,https://disclosures-clerk.house.gov/public_disc/financial-pdfs/2024/10068925.pdf
Cohen,Steve,D,TN,2024,https://disclosures-clerk.house.gov/public_disc/financial-pdfs/2024/10067445.pdf
Cole,Tom,R,OK,2024,https://disclosures-clerk.house.gov/public_disc/financial-pdfs/2024/10067724.pdf
Collins,Mike,R,GA,2024,https://disclosures-clerk.house.gov/public_disc/financial-pdfs/2024/10070507.pdf
Comer,James,R,KY,2024,https://disclosures-clerk.house.gov/public_disc/financial-pdfs/2024/10067637.pdf
Conaway,Herbert C.,D,NJ,2024,https://disclosures-clerk.house.gov/public_disc/financial-pdfs/2024/10071959.pdf
Coons,Christopher A.,D,DE,2025,https://efdsearch.senate.gov/search/view/annual/d3762084-e080-4f01-89d5-90aa0974334f/
Correa,J. Luis,D,CA,2024,https://disclosures-clerk.house.gov/public_disc/financial-pdfs/2024/10066488.pdf
Cortez Masto,Catherine,D,NV,2025,https://efdsearch.senate.gov/search/view/annual/ecd06831-656a-4e2e-b673-380541d173c0/
Costa,Jim,D,CA,2024,https://disclosures-clerk.house.gov/public_disc/financial-pdfs/2024/10067734.pdf
Cotton,Tom,R,AR,2025,https://efdsearch.senate.gov/search/view/annual/368f4a5e-f826-4f3e-9346-1e128c4aa6f5/
Courtney,Joe,D,CT,2024,https://disclosures-clerk.house.gov/public_disc/financial-pdfs/2024/10067873.pdf
Craig,Angie,D,MN,2024,https://disclosures-clerk.house.gov/public_disc/financial-pdfs/2024/8221134.pdf
Crane,Elijah,R,AZ,2024,https://disclosures-clerk.house.gov/public_disc/financial-pdfs/2024/10066465.pdf
Crank,Jeff,R,CO,2024,https://disclosures-clerk.house.gov/public_disc/financial-pdfs/2024/10067533.pdf
Crawford,"Eric A. ""Rick""",R,AR,2024,https://disclosures-clerk.house.gov/public_disc/financial-pdfs/2024/10067531.pdf
Crenshaw,Dan,R,TX,2024,https://disclosures-clerk.house.gov/public_disc/financial-pdfs/2024/10067491.pdf
Crockett,Jasmine,D,TX,2024,https://disclosures-clerk.house.gov/public_disc/financial-pdfs/2024/10066616.pdf
Crow,Jason,D,CO,2024,https://disclosures-clerk.house.gov/public_disc/financial-pdfs/2024/10066301.pdf
Cruz,Ted,R,TX,2025,https://efdsearch.senate.gov/search/view/annual/8b455ae7-a24e-462a-95b8-78f7067c0d22/
Cuellar,Henry,D,TX,2024,https://disclosures-clerk.house.gov/public_disc/financial-pdfs/2024/10067642.pdf
Curtis,John R.,R,UT,2025,https://efdsearch.senate.gov/search/view/annual/55e88d82-9349-4089-9a2b-51b80b3f3431/
Davids,Sharice,D,KS,2024,https://disclosures-clerk.house.gov/public_disc/financial-pdfs/2024/10067108.pdf
Davidson,Warren,R,OH,2024,https://disclosures-clerk.house.gov/public_disc/financial-pdfs/2024/10067467.pdf
Davis,Danny K.,D,IL,2024,https://disclosures-clerk.house.gov/public_disc/financial-pdfs/2024/10070482.pdf
Davis,Donald G.,D,NC,2024,https://disclosures-clerk.house.gov/public_disc/financial-pdfs/2024/10071969.pdf
De La Cruz,Monica,R,TX,2024,https://disclosures-clerk.house.gov/public_disc/financial-pdfs/2024/10067135.pdf
DeGette,Diana,D,CO,2024,https://disclosures-clerk.house.gov/public_disc/financial-pdfs/2024/10066794.pdf
DeLauro,Rosa L.,D,CT,2024,https://disclosures-clerk.house.gov/public_disc/financial-pdfs/2024/10067725.pdf
DeSaulnier,Mark,D,CA,2024,https://disclosures-clerk.house.gov/public_disc/financial-pdfs/2024/10067325.pdf
Dean,Madeleine,D,PA,2024,https://disclosures-clerk.house.gov/public_disc/financial-pdfs/2024/10068302.pdf
DelBene,Suzan K.,D,WA,2024,https://disclosures-clerk.house.gov/public_disc/financial-pdfs/2024/10066931.pdf
Deluzio,Christopher R.,D,PA,2024,https://disclosures-clerk.house.gov/public_disc/financial-pdfs/2024/10065678.pdf
DesJarlais,Scott,R,TN,2024,https://disclosures-clerk.house.gov/public_disc/financial-pdfs/2024/10072039.pdf
Dexter,Maxine,D,OR,2024,https://disclosures-clerk.house.gov/public_disc/financial-pdfs/2024/10068140.pdf
Diaz-Balart,Mario,R,FL,2024,https://disclosures-clerk.house.gov/public_disc/financial-pdfs/2024/10067368.pdf
Dingell,Debbie,D,MI,2024,https://disclosures-clerk.house.gov/public_disc/financial-pdfs/2024/10066149.pdf
Doggett,Lloyd,D,TX,2024,https://disclosures-clerk.house.gov/public_disc/financial-pdfs/2024/10066436.pdf
Donalds,Byron,R,FL,2024,https://disclosures-clerk.house.gov/public_disc/financial-pdfs/2024/10071583.pdf
Downing,Troy,R,MT,2024,https://disclosures-clerk.house.gov/public_disc/financial-pdfs/2024/10068399.pdf
Dunn,Neal P.,R,FL,2024,https://disclosures-clerk.house.gov/public_disc/financial-pdfs/2024/10066821.pdf
Durbin,Richard J.,D,IL,2025,https://efdsearch.senate.gov/search/view/paper/8a94ab75-32a1-4d4e-9642-bdb54e0c912f/
Edwards,Chuck,R,NC,2024,https://disclosures-clerk.house.gov/public_disc/financial-pdfs/2024/10066820.pdf
Elfreth,Sarah,D,MD,2024,https://disclosures-clerk.house.gov/public_disc/financial-pdfs/2024/10067526.pdf
Ellzey,Jake,R,TX,2024,https://disclosures-clerk.house.gov/public_disc/financial-pdfs/2024/10067015.pdf
Emmer,Tom,R,MN,2024,https://disclosures-clerk.house.gov/public_disc/financial-pdfs/2024/8221126.pdf
Escobar,Veronica,D,TX,2024,https://disclosures-clerk.house.gov/public_disc/financial-pdfs/2024/10066007.pdf
Espaillat,Adriano,D,NY,2024,https://disclosures-clerk.house.gov/public_disc/financial-pdfs/2024/10068247.pdf
Estes,Ron,R,KS,2024,https://disclosures-clerk.house.gov/public_disc/financial-pdfs/2024/10068013.pdf
Evans,Dwight,D,PA,2024,https://disclosures-clerk.house.gov/public_disc/financial-pdfs/2024/10068372.pdf
Evans,Gabe,R,CO,2024,https://disclosures-clerk.house.gov/public_disc/financial-pdfs/2024/10067025.pdf
Ezell,Mike,R,MS,2024,https://disclosures-clerk.house.gov/public_disc/financial-pdfs/2024/10066916.pdf
Fallon,Pat,R,TX,2024,https://disclosures-clerk.house.gov/public_disc/financial-pdfs/2024/10067945.pdf
Fedorchak,Julie,R,ND,2024,https://disclosures-clerk.house.gov/public_disc/financial-pdfs/2024/10067251.pdf
Feenstra,Randy,R,IA,2024,https://disclosures-clerk.house.gov/public_disc/financial-pdfs/2024/10072123.pdf
Fields,Cleo,D,LA,2024,https://disclosures-clerk.house.gov/public_disc/financial-pdfs/2024/10067751.pdf
Fine,Randy,R,FL,2024,https://disclosures-clerk.house.gov/public_disc/financial-pdfs/2024/10067009.pdf
Finstad,Brad,R,MN,2024,https://disclosures-clerk.house.gov/public_disc/financial-pdfs/2024/10068668.pdf
Fischbach,Michelle,R,MN,2024,https://disclosures-clerk.house.gov/public_disc/financial-pdfs/2024/10068338.pdf
Fitzgerald,Scott,R,WI,2024,https://disclosures-clerk.house.gov/public_disc/financial-pdfs/2024/10067973.pdf
Fitzpatrick,Brian K.,R,PA,2024,https://disclosures-clerk.house.gov/public_disc/financial-pdfs/2024/10067996.pdf
Fleischmann,"Charles J. ""Chuck""",R,TN,2024,https://disclosures-clerk.house.gov/public_disc/financial-pdfs/2024/8221130.pdf
Fletcher,Lizzie,D,TX,2024,https://disclosures-clerk.house.gov/public_disc/financial-pdfs/2024/10067427.pdf
Flood,Mike,R,NE,2024,https://disclosures-clerk.house.gov/public_disc/financial-pdfs/2024/10067729.pdf
Fong,Vince,R,CA,2024,https://disclosures-clerk.house.gov/public_disc/financial-pdfs/2024/10071961.pdf
Foster,Bill,D,IL,2024,https://disclosures-clerk.house.gov/public_disc/financial-pdfs/2024/10066184.pdf
Foushee,Valerie P.,D,NC,2024,https://disclosures-clerk.house.gov/public_disc/financial-pdfs/2024/10067437.pdf
Foxx,Virginia,R,NC,2024,https://disclosures-clerk.house.gov/public_disc/financial-pdfs/2024/10067447.pdf
Frankel,Lois,D,FL,2024,https://disclosures-clerk.house.gov/public_disc/financial-pdfs/2024/10066434.pdf
Franklin,Scott,R,FL,2024,https://disclosures-clerk.house.gov/public_disc/financial-pdfs/2024/10066628.pdf
Friedman,Laura,D,CA,2024,https://disclosures-clerk.house.gov/public_disc/financial-pdfs/2024/10066927.pdf
Frost,Maxwell,D,FL,2024,https://disclosures-clerk.house.gov/public_disc/financial-pdfs/2024/10068347.pdf
Fry,Russell,R,SC,2024,https://disclosures-clerk.house.gov/public_disc/financial-pdfs/2024/10067656.pdf
Fulcher,Russ,R,ID,2024,https://disclosures-clerk.house.gov/public_disc/financial-pdfs/2024/10068143.pdf
Garamendi,John,D,CA,2024,https://disclosures-clerk.house.gov/public_disc/financial-pdfs/2024/10066795.pdf
Garbarino,Andrew R.,R,NY,2024,https://disclosures-clerk.house.gov/public_disc/financial-pdfs/2024/10066789.pdf
Garcia,Robert,D,CA,2024,https://disclosures-clerk.house.gov/public_disc/financial-pdfs/2024/10072028.pdf
Garcia,Sylvia R.,D,TX,2024,https://disclosures-clerk.house.gov/public_disc/financial-pdfs/2024/10066938.pdf
Garcia,"Jesús G. ""Chuy""",D,IL,2024,https://disclosures-clerk.house.gov/public_disc/financial-pdfs/2024/10066088.pdf
Gill,Brandon,R,TX,2024,https://disclosures-clerk.house.gov/public_disc/financial-pdfs/2024/10066920.pdf
Gillen,Laura,D,NY,2024,https://disclosures-clerk.house.gov/public_disc/financial-pdfs/2024/10069029.pdf
Gimenez,Carlos A.,R,FL,2024,https://disclosures-clerk.house.gov/public_disc/financial-pdfs/2024/10067730.pdf
Golden,Jared F.,D,ME,2024,https://disclosures-clerk.house.gov/public_disc/financial-pdfs/2024/10066167.pdf
Goldman,Craig A.,R,TX,2024,https://disclosures-clerk.house.gov/public_disc/financial-pdfs/2024/10066977.pdf
Goldman,Daniel S.,D,NY,2024,https://disclosures-clerk.house.gov/public_disc/financial-pdfs/2024/10066119.pdf
Gomez,Jimmy,D,CA,2024,https://disclosures-clerk.house.gov/public_disc/financial-pdfs/2024/10065973.pdf
Gonzales,Tony,R,TX,2024,https://disclosures-clerk.house.gov/public_disc/financial-pdfs/2024/10071965.pdf
Gonzalez,Vicente,D,TX,2024,https://disclosures-clerk.house.gov/public_disc/financial-pdfs/2024/9115595.pdf
Gooden,Lance,R,TX,2024,https://disclosures-clerk.house.gov/public_disc/financial-pdfs/2024/10072145.pdf
Goodlander,Maggie,D,NH,2024,https://disclosures-clerk.house.gov/public_disc/financial-pdfs/2024/10066503.pdf
Gosar,Paul A.,R,AZ,2024,https://disclosures-clerk.house.gov/public_disc/financial-pdfs/2024/8221135.pdf
Gottheimer,Josh,D,NJ,2024,https://disclosures-clerk.house.gov/public_disc/financial-pdfs/2024/10066210.pdf
Graves,Sam,R,MO,2024,https://disclosures-clerk.house.gov/public_disc/financial-pdfs/2024/10068661.pdf
Gray,Adam,D,CA,2024,https://disclosures-clerk.house.gov/public_disc/financial-pdfs/2024/10067602.pdf
Green,Al,D,TX,2024,https://disclosures-clerk.house.gov/public_disc/financial-pdfs/2024/10068051.pdf
Griffith,H. Morgan,R,VA,2024,https://disclosures-clerk.house.gov/public_disc/financial-pdfs/2024/10068911.pdf
Grothman,Glenn,R,WI,2024,https://disclosures-clerk.house.gov/public_disc/financial-pdfs/2024/10067801.pdf
Guest,Michael,R,MS,2024,https://disclosures-clerk.house.gov/public_disc/financial-pdfs/2024/9115581.pdf
Guthrie,Brett,R,KY,2024,https://disclosures-clerk.house.gov/public_disc/financial-pdfs/2024/8221136.pdf
Hageman,Harriet M.,R,WY,2024,https://disclosures-clerk.house.gov/public_disc/financial-pdfs/2024/10066903.pdf
Hagerty,Bill,R,TN,2025,https://efdsearch.senate.gov/search/view/annual/36009def-6b4a-4333-a164-75c3b2302752/
Hamadeh,Abraham J.,R,AZ,2024,https://disclosures-clerk.house.gov/public_disc/financial-pdfs/2024/10067514.pdf
Harder,Josh,D,CA,2024,https://disclosures-clerk.house.gov/public_disc/financial-pdfs/2024/10066696.pdf
Haridopolos,Mike,R,FL,2024,https://disclosures-clerk.house.gov/public_disc/financial-pdfs/2024/10066231.pdf
Harrigan,Pat,R,NC,2024,https://disclosures-clerk.house.gov/public_disc/financial-pdfs/2024/10071886.pdf
Harris,Andy,R,MD,2024,https://disclosures-clerk.house.gov/public_disc/financial-pdfs/2024/10072027.pdf
Harris,Mark,R,NC,2024,https://disclosures-clerk.house.gov/public_disc/financial-pdfs/2024/10071955.pdf
Harshbarger,Diana,R,TN,2024,https://disclosures-clerk.house.gov/public_disc/financial-pdfs/2024/9115594.pdf
Hassan,Margaret Wood,D,NH,2025,https://efdsearch.senate.gov/search/view/annual/dd671ffe-fc9d-439f-a595-552e781de3fd/
Hayes,Jahana,D,CT,2024,https://disclosures-clerk.house.gov/public_disc/financial-pdfs/2024/10067897.pdf
Heinrich,Martin,D,NM,2025,https://efdsearch.senate.gov/search/view/annual/fb24f5ac-4da1-4977-9090-fcad80783c46/
Hern,Kevin,R,OK,2024,https://disclosures-clerk.house.gov/public_disc/financial-pdfs/2024/10067143.pdf
Hernandez,Pablo Jose,D,PR,2024,https://disclosures-clerk.house.gov/public_disc/financial-pdfs/2024/10068793.pdf
Higgins,Clay,R,LA,2024,https://disclosures-clerk.house.gov/public_disc/financial-pdfs/2024/10066898.pdf
Hill,J. French,R,AR,2024,https://disclosures-clerk.house.gov/public_disc/financial-pdfs/2024/10067037.pdf
Himes,James A.,D,CT,2024,https://disclosures-clerk.house.gov/public_disc/financial-pdfs/2024/10067525.pdf
Arenholz,Ashley,R,IA,2024,https://disclosures-clerk.house.gov/public_disc/financial-pdfs/2024/10066620.pdf
Hirono,Mazie K.,D,HI,2025,https://efdsearch.senate.gov/search/view/annual/328c5acc-8fe4-4a13-bb84-4cc3f37f884f/
Horsford,Steven,D,NV,2024,https://disclosures-clerk.house.gov/public_disc/financial-pdfs/2024/10068146.pdf
Houchin,Erin,R,IN,2024,https://disclosures-clerk.house.gov/public_disc/financial-pdfs/2024/10066619.pdf
Houlahan,Chrissy,D,PA,2024,https://disclosures-clerk.house.gov/public_disc/financial-pdfs/2024/10068914.pdf
Hoyer,Steny H.,D,MD,2024,https://disclosures-clerk.house.gov/public_disc/financial-pdfs/2024/10066888.pdf
Hudson,Richard,R,NC,2024,https://disclosures-clerk.house.gov/public_disc/financial-pdfs/2024/10070452.pdf
Huizenga,Bill,R,MI,2024,https://disclosures-clerk.house.gov/public_disc/financial-pdfs/2024/10071649.pdf
Hunt,Wesley,R,TX,2024,https://disclosures-clerk.house.gov/public_disc/financial-pdfs/2024/10068518.pdf
Hurd,Jeff,R,CO,2024,https://disclosures-clerk.house.gov/public_disc/financial-pdfs/2024/10067470.pdf
Hyde-Smith,Cindy,R,MS,2025,https://efdsearch.senate.gov/search/view/annual/48818935-c48f-4c97-8841-bc0cbe961869/
Issa,Darrell,R,CA,2024,https://disclosures-clerk.house.gov/public_disc/financial-pdfs/2024/10066267.pdf
Ivey,Glenn,D,MD,2024,https://disclosures-clerk.house.gov/public_disc/financial-pdfs/2024/10071843.pdf
Jack,Brian,R,GA,2024,https://disclosures-clerk.house.gov/public_disc/financial-pdfs/2024/10067352.pdf
Jackson,Jonathan L.,D,IL,2024,https://disclosures-clerk.house.gov/public_disc/financial-pdfs/2024/10067052.pdf
Jackson,Ronny,R,TX,2024,https://disclosures-clerk.house.gov/public_disc/financial-pdfs/2024/10067504.pdf
Jacobs,Sara,D,CA,2024,https://disclosures-clerk.house.gov/public_disc/financial-pdfs/2024/10066924.pdf
James,John,R,MI,2024,https://disclosures-clerk.house.gov/public_disc/financial-pdfs/2024/10066154.pdf
Jayapal,Pramila,D,WA,2024,https://disclosures-clerk.house.gov/public_disc/financial-pdfs/2024/10067187.pdf
Jeffries,Hakeem S.,D,NY,2024,https://disclosures-clerk.house.gov/public_disc/financial-pdfs/2024/10066511.pdf
Johnson,Dusty,R,SD,2024,https://disclosures-clerk.house.gov/public_disc/financial-pdfs/2024/10067152.pdf
Johnson,"Henry C. ""Hank""",D,GA,2024,https://disclosures-clerk.house.gov/public_disc/financial-pdfs/2024/10068113.pdf
Johnson,Julie,D,TX,2024,https://disclosures-clerk.house.gov/public_disc/financial-pdfs/2024/10066504.pdf
Johnson,Mike,R,LA,2024,https://disclosures-clerk.house.gov/public_disc/financial-pdfs/2024/10071620.pdf
Jordan,Jim,R,OH,2024,https://disclosures-clerk.house.gov/public_disc/financial-pdfs/2024/10067361.pdf
Joyce,David P.,R,OH,2024,https://disclosures-clerk.house.gov/public_disc/financial-pdfs/2024/10068786.pdf
Joyce,John,R,PA,2024,https://disclosures-clerk.house.gov/public_disc/financial-pdfs/2024/10066594.pdf
Justice,James C.,R,WV,2025,https://efdsearch.senate.gov/search/view/annual/d1dbc013-fc0a-4ab4-b3fc-b6bfd4ce7a40/
Kamlager-Dove,Sydney,D,CA,2024,https://disclosures-clerk.house.gov/public_disc/financial-pdfs/2024/10067024.pdf
Kaptur,Marcy,D,OH,2024,https://disclosures-clerk.house.gov/public_disc/financial-pdfs/2024/10067506.pdf
Kean,Thomas H.,R,NJ,2024,https://disclosures-clerk.house.gov/public_disc/financial-pdfs/2024/10066042.pdf
Keating,William R.,D,MA,2024,https://disclosures-clerk.house.gov/public_disc/financial-pdfs/2024/10066140.pdf
Kelly,Mark,D,AZ,2025,https://efdsearch.senate.gov/search/view/annual/1f1b3071-0ebe-45da-bf6e-ec48ffdea81f/
Kelly,Mike,R,PA,2024,https://disclosures-clerk.house.gov/public_disc/financial-pdfs/2024/10066111.pdf
Kelly,Robin L.,D,IL,2024,https://disclosures-clerk.house.gov/public_disc/financial-pdfs/2024/10068385.pdf
Kelly,Trent,R,MS,2024,https://disclosures-clerk.house.gov/public_disc/financial-pdfs/2024/10067088.pdf
Kennedy,John,R,LA,2025,https://efdsearch.senate.gov/search/view/annual/28a081b6-68fd-4bae-a44b-0a5462dd04a0/
Kennedy,Mike,R,UT,2024,https://disclosures-clerk.house.gov/public_disc/financial-pdfs/2024/10066533.pdf
Kennedy,Timothy M.,D,NY,2024,https://disclosures-clerk.house.gov/public_disc/financial-pdfs/2024/10068878.pdf
Khanna,Ro,D,CA,2024,https://disclosures-clerk.house.gov/public_disc/financial-pdfs/2024/9115596.pdf
Kiggans,Jennifer A.,R,VA,2024,https://disclosures-clerk.house.gov/public_disc/financial-pdfs/2024/10067550.pdf
Kiley,Kevin,R,CA,2024,https://disclosures-clerk.house.gov/public_disc/financial-pdfs/2024/10068665.pdf
Kim,Andy,D,NJ,2025,https://efdsearch.senate.gov/search/view/annual/2ea9c6e1-ec2d-4f6c-96ca-e9d9f4b906f9/
Kim,Young,R,CA,2024,https://disclosures-clerk.house.gov/public_disc/financial-pdfs/2024/10067055.pdf
King-Hinds,Kimberlyn,R,MP,2024,https://disclosures-clerk.house.gov/public_disc/financial-pdfs/2024/10067695.pdf
Knott,Brad,R,NC,2024,https://disclosures-clerk.house.gov/public_disc/financial-pdfs/2024/10071922.pdf
Krishnamoorthi,Raja,D,IL,2024,https://disclosures-clerk.house.gov/public_disc/financial-pdfs/2024/10066035.pdf
Kustoff,David,R,TN,2024,https://disclosures-clerk.house.gov/public_disc/financial-pdfs/2024/10066003.pdf
LaHood,Darin,R,IL,2024,https://disclosures-clerk.house.gov/public_disc/financial-pdfs/2024/10068136.pdf
LaLota,Nick,R,NY,2024,https://disclosures-clerk.house.gov/public_disc/financial-pdfs/2024/10069103.pdf
LaMalfa,Doug,R,CA,2024,https://disclosures-clerk.house.gov/public_disc/financial-pdfs/2024/10067870.pdf
Landsman,Greg,D,OH,2024,https://disclosures-clerk.house.gov/public_disc/financial-pdfs/2024/10066018.pdf
Langworthy,Nicholas A.,R,NY,2024,https://disclosures-clerk.house.gov/public_disc/financial-pdfs/2024/10068912.pdf
Larsen,Rick,D,WA,2024,https://disclosures-clerk.house.gov/public_disc/financial-pdfs/2024/10066875.pdf
Larson,John B.,D,CT,2024,https://disclosures-clerk.house.gov/public_disc/financial-pdfs/2024/10067089.pdf
Latta,Robert E.,R,OH,2024,https://disclosures-clerk.house.gov/public_disc/financial-pdfs/2024/10066043.pdf
Lawler,Michael,R,NY,2024,https://disclosures-clerk.house.gov/public_disc/financial-pdfs/2024/10068441.pdf
Lee,Laurel M.,R,FL,2024,https://disclosures-clerk.house.gov/public_disc/financial-pdfs/2024/10070530.pdf
Lee,Mike,R,UT,2025,https://efdsearch.senate.gov/search/view/annual/0c2c5afa-cd3c-4b09-bd67-f2bd5410ce25/
Lee,Summer L.,D,PA,2024,https://disclosures-clerk.house.gov/public_disc/financial-pdfs/2024/10070498.pdf
Lee,Susie,D,NV,2024,https://disclosures-clerk.house.gov/public_disc/financial-pdfs/2024/10066152.pdf
Leger Fernandez,Teresa,D,NM,2024,https://disclosures-clerk.house.gov/public_disc/financial-pdfs/2024/10066929.pdf
Letlow,Julia,R,LA,2024,https://disclosures-clerk.house.gov/public_disc/financial-pdfs/2024/10068504.pdf
Levin,Mike,D,CA,2024,https://disclosures-clerk.house.gov/public_disc/financial-pdfs/2024/10066874.pdf
Liccardo,Sam T.,D,CA,2024,https://disclosures-clerk.house.gov/public_disc/financial-pdfs/2024/10067339.pdf
Lieu,Ted,D,CA,2024,https://disclosures-clerk.house.gov/public_disc/financial-pdfs/2024/10068523.pdf
Lofgren,Zoe,D,CA,2024,https://disclosures-clerk.house.gov/public_disc/financial-pdfs/2024/10066636.pdf
Loudermilk,Barry,R,GA,2024,https://disclosures-clerk.house.gov/public_disc/financial-pdfs/2024/10068474.pdf
Lucas,Frank D.,R,OK,2024,https://disclosures-clerk.house.gov/public_disc/financial-pdfs/2024/10067226.pdf
Lummis,Cynthia M.,R,WY,2025,https://efdsearch.senate.gov/search/view/annual/b99b0faa-5189-4914-9258-3000419446f2/
Paulina Luna,Anna,R,FL,2024,https://disclosures-clerk.house.gov/public_disc/financial-pdfs/2024/10068787.pdf
Luttrell,Morgan,R,TX,2024,https://disclosures-clerk.house.gov/public_disc/financial-pdfs/2024/10066251.pdf
Lynch,Stephen F.,D,MA,2024,https://disclosures-clerk.house.gov/public_disc/financial-pdfs/2024/10066502.pdf
Mace,Nancy,R,SC,2024,https://disclosures-clerk.house.gov/public_disc/financial-pdfs/2024/10068976.pdf
Mackenzie,Ryan,R,PA,2024,https://disclosures-clerk.house.gov/public_disc/financial-pdfs/2024/10068819.pdf
Magaziner,Seth,D,RI,2024,https://disclosures-clerk.house.gov/public_disc/financial-pdfs/2024/10066344.pdf
Malliotakis,Nicole,R,NY,2024,https://disclosures-clerk.house.gov/public_disc/financial-pdfs/2024/10068082.pdf
Maloy,Celeste,R,UT,2024,https://disclosures-clerk.house.gov/public_disc/financial-pdfs/2024/10069198.pdf
Mann,Tracey,R,KS,2024,https://disclosures-clerk.house.gov/public_disc/financial-pdfs/2024/10066079.pdf
Mannion,John W.,D,NY,2024,https://disclosures-clerk.house.gov/public_disc/financial-pdfs/2024/10067141.pdf
Marshall,Roger,R,KS,2025,https://efdsearch.senate.gov/search/view/annual/545ec43a-eb9a-4f8c-973a-4e580d38b274/
Massie,Thomas,R,KY,2024,https://disclosures-clerk.house.gov/public_disc/financial-pdfs/2024/10067557.pdf
Mast,Brian J.,R,FL,2024,https://disclosures-clerk.house.gov/public_disc/financial-pdfs/2024/10068357.pdf
Matsui,Doris O.,D,CA,2024,https://disclosures-clerk.house.gov/public_disc/financial-pdfs/2024/8221137.pdf
McBath,Lucy,D,GA,2024,https://disclosures-clerk.house.gov/public_disc/financial-pdfs/2024/10067071.pdf
McBride,Sarah,D,DE,2024,https://disclosures-clerk.house.gov/public_disc/financial-pdfs/2024/10068060.pdf
McCaul,Michael T.,R,TX,2024,https://disclosures-clerk.house.gov/public_disc/financial-pdfs/2024/9115586.pdf
Delaney,April,D,MD,2024,https://disclosures-clerk.house.gov/public_disc/financial-pdfs/2024/10066122.pdf
McClain,Lisa C.,R,MI,2024,https://disclosures-clerk.house.gov/public_disc/financial-pdfs/2024/10068828.pdf
McClellan,Jennifer L.,D,VA,2024,https://disclosures-clerk.house.gov/public_disc/financial-pdfs/2024/10067739.pdf
McClintock,Tom,R,CA,2024,https://disclosures-clerk.house.gov/public_disc/financial-pdfs/2024/10066549.pdf
McCollum,Betty,D,MN,2024,https://disclosures-clerk.house.gov/public_disc/financial-pdfs/2024/10066584.pdf
McConnell,Mitch,R,KY,2025,https://efdsearch.senate.gov/search/view/annual/fcd0cf80-47bd-4148-aa42-81d97935f89a/
McCormick,David,R,PA,2025,https://efdsearch.senate.gov/search/view/annual/f0dda451-74f3-4b34-b6a9-71a8c593fbae/
McCormick,Richard,R,GA,2024,https://disclosures-clerk.house.gov/public_disc/financial-pdfs/2024/10067148.pdf
McDonald Rivet,Kristen,D,MI,2024,https://disclosures-clerk.house.gov/public_disc/financial-pdfs/2024/10066394.pdf
McDowell,Addison P.,R,NC,2024,https://disclosures-clerk.house.gov/public_disc/financial-pdfs/2024/10068334.pdf
McGarvey,Morgan,D,KY,2024,https://disclosures-clerk.house.gov/public_disc/financial-pdfs/2024/10066788.pdf
McGovern,James P.,D,MA,2024,https://disclosures-clerk.house.gov/public_disc/financial-pdfs/2024/10068384.pdf
McGuire,John J.,R,VA,2024,https://disclosures-clerk.house.gov/public_disc/financial-pdfs/2024/10066534.pdf
McIver,LaMonica,D,NJ,2024,https://disclosures-clerk.house.gov/public_disc/financial-pdfs/2024/10067336.pdf
Meeks,Gregory W.,D,NY,2024,https://disclosures-clerk.house.gov/public_disc/financial-pdfs/2024/10068784.pdf
Menendez,Robert,D,NJ,2024,https://disclosures-clerk.house.gov/public_disc/financial-pdfs/2024/10070454.pdf
Meng,Grace,D,NY,2024,https://disclosures-clerk.house.gov/public_disc/financial-pdfs/2024/10067279.pdf
Messmer,Mark B.,R,IN,2024,https://disclosures-clerk.house.gov/public_disc/financial-pdfs/2024/10068083.pdf
Meuser,Daniel,R,PA,2024,https://disclosures-clerk.house.gov/public_disc/financial-pdfs/2024/10067161.pdf
Mfume,Kweisi,D,MD,2024,https://disclosures-clerk.house.gov/public_disc/financial-pdfs/2024/10069174.pdf
Miller,Carol D.,R,WV,2024,https://disclosures-clerk.house.gov/public_disc/financial-pdfs/2024/10069124.pdf
Miller,Mary E.,R,IL,2024,https://disclosures-clerk.house.gov/public_disc/financial-pdfs/2024/10067030.pdf
Miller,Max L.,R,OH,2024,https://disclosures-clerk.house.gov/public_disc/financial-pdfs/2024/10066804.pdf
Miller-Meeks,Mariannette,R,IA,2024,https://disclosures-clerk.house.gov/public_disc/financial-pdfs/2024/10067915.pdf
Mills,Cory,R,FL,2024,https://disclosures-clerk.house.gov/public_disc/financial-pdfs/2024/10068479.pdf
Min,Dave,D,CA,2024,https://disclosures-clerk.house.gov/public_disc/financial-pdfs/2024/10066069.pdf
Moolenaar,John R.,R,MI,2024,https://disclosures-clerk.house.gov/public_disc/financial-pdfs/2024/10067758.pdf
Moore,Barry,R,AL,2024,https://disclosures-clerk.house.gov/public_disc/financial-pdfs/2024/10067082.pdf
Moore,Blake D.,R,UT,2024,https://disclosures-clerk.house.gov/public_disc/financial-pdfs/2024/10066531.pdf
Moore,Gwen,D,WI,2024,https://disclosures-clerk.house.gov/public_disc/financial-pdfs/2024/8221127.pdf
Moore,Riley M.,R,WV,2024,https://disclosures-clerk.house.gov/public_disc/financial-pdfs/2024/10071948.pdf
Moore,Tim,R,NC,2024,https://disclosures-clerk.house.gov/public_disc/financial-pdfs/2024/10067159.pdf
Moran,Nathaniel,R,TX,2024,https://disclosures-clerk.house.gov/public_disc/financial-pdfs/2024/10068118.pdf
Morelle,Joseph D.,D,NY,2024,https://disclosures-clerk.house.gov/public_disc/financial-pdfs/2024/10068699.pdf
Moreno,Bernie,R,OH,2025,https://efdsearch.senate.gov/search/view/annual/7654c291-4eb6-4e71-8622-4974ee3c132e/
Morrison,Kelly,D,MN,2024,https://disclosures-clerk.house.gov/public_disc/financial-pdfs/2024/10066693.pdf
Moskowitz,Jared,D,FL,2024,https://disclosures-clerk.house.gov/public_disc/financial-pdfs/2024/10072022.pdf
Moulton,Seth,D,MA,2024,https://disclosures-clerk.house.gov/public_disc/financial-pdfs/2024/10067208.pdf
Moylan,James C.,R,GU,2024,https://disclosures-clerk.house.gov/public_disc/financial-pdfs/2024/10067123.pdf
Mrvan,Frank J.,D,IN,2024,https://disclosures-clerk.house.gov/public_disc/financial-pdfs/2024/10068679.pdf
Mullin,Kevin,D,CA,2024,https://disclosures-clerk.house.gov/public_disc/financial-pdfs/2024/10068343.pdf
Mullin,Markwayne,R,OK,2025,https://efdsearch.senate.gov/search/view/annual/1536b22a-9260-4cc9-9d88-736a81dfd3e7/
Murphy,Christopher,D,CT,2025,https://efdsearch.senate.gov/search/view/annual/bd72c4bb-3ebc-41c1-9d03-7fc2818f4342/
Murphy,Gregory F.,R,NC,2024,https://disclosures-clerk.house.gov/public_disc/financial-pdfs/2024/10067151.pdf
Nadler,Jerrold,D,NY,2024,https://disclosures-clerk.house.gov/public_disc/financial-pdfs/2024/8221138.pdf
Neal,Richard E.,D,MA,2024,https://disclosures-clerk.house.gov/public_disc/financial-pdfs/2024/10067619.pdf
Neguse,Joe,D,CO,2024,https://disclosures-clerk.house.gov/public_disc/financial-pdfs/2024/10067275.pdf
Newhouse,Dan,R,WA,2024,https://disclosures-clerk.house.gov/public_disc/financial-pdfs/2024/10067441.pdf
Norcross,Donald,D,NJ,2024,https://disclosures-clerk.house.gov/public_disc/financial-pdfs/2024/10071989.pdf
Norman,Ralph,R,SC,2024,https://disclosures-clerk.house.gov/public_disc/financial-pdfs/2024/10066819.pdf
Norton,Eleanor Holmes,D,DC,2024,https://disclosures-clerk.house.gov/public_disc/financial-pdfs/2024/10066887.pdf
Nunn,Zachary,R,IA,2024,https://disclosures-clerk.house.gov/public_disc/financial-pdfs/2024/10065704.pdf
Obernolte,Jay,R,CA,2024,https://disclosures-clerk.house.gov/public_disc/financial-pdfs/2024/10066012.pdf
Ogles,Andrew,R,TN,2024,https://disclosures-clerk.house.gov/public_disc/financial-pdfs/2024/10068701.pdf
Olszewski,Johnny,D,MD,2024,https://disclosures-clerk.house.gov/public_disc/financial-pdfs/2024/10067696.pdf
Omar,Ilhan,D,MN,2024,https://disclosures-clerk.house.gov/public_disc/financial-pdfs/2024/10068415.pdf
Onder,Robert F.,R,MO,2024,https://disclosures-clerk.house.gov/public_disc/financial-pdfs/2024/10066776.pdf
Owens,Burgess,R,UT,2024,https://disclosures-clerk.house.gov/public_disc/financial-pdfs/2024/10066484.pdf
Padilla,Alex,D,CA,2025,https://efdsearch.senate.gov/search/view/annual/b48ae9be-e759-4af8-9f5a-a87abaae91a3/
Pallone,Frank,D,NJ,2024,https://disclosures-clerk.house.gov/public_disc/financial-pdfs/2024/10066248.pdf
Palmer,Gary J.,R,AL,2024,https://disclosures-clerk.house.gov/public_disc/financial-pdfs/2024/10066690.pdf
Panetta,Jimmy,D,CA,2024,https://disclosures-clerk.house.gov/public_disc/financial-pdfs/2024/10066174.pdf
Pappas,Chris,D,NH,2024,https://disclosures-clerk.house.gov/public_disc/financial-pdfs/2024/10068162.pdf
Patronis,Jimmy,R,FL,2024,https://disclosures-clerk.house.gov/public_disc/financial-pdfs/2024/10067098.pdf
Paul,Rand,R,KY,2025,https://efdsearch.senate.gov/search/view/annual/41174a3d-8d1e-458f-9f6b-f7d6ee174095/
Pelosi,Nancy,D,CA,2024,https://disclosures-clerk.house.gov/public_disc/financial-pdfs/2024/10066169.pdf
Gluesenkamp Perez,Marie,D,WA,2024,https://disclosures-clerk.house.gov/public_disc/financial-pdfs/2024/10067183.pdf
Perry,Scott,R,PA,2024,https://disclosures-clerk.house.gov/public_disc/financial-pdfs/2024/10068827.pdf
Peters,Scott H.,D,CA,2024,https://disclosures-clerk.house.gov/public_disc/financial-pdfs/2024/10067117.pdf
Pettersen,Brittany,D,CO,2024,https://disclosures-clerk.house.gov/public_disc/financial-pdfs/2024/10066108.pdf
Pfluger,August,R,TX,2024,https://disclosures-clerk.house.gov/public_disc/financial-pdfs/2024/10066262.pdf
Pingree,Chellie,D,ME,2024,https://disclosures-clerk.house.gov/public_disc/financial-pdfs/2024/10066930.pdf
Plaskett,Stacey E.,D,VI,2024,https://disclosures-clerk.house.gov/public_disc/financial-pdfs/2024/10069175.pdf
Pocan,Mark,D,WI,2024,https://disclosures-clerk.house.gov/public_disc/financial-pdfs/2024/10066960.pdf
Pou,Nellie,D,NJ,2024,https://disclosures-clerk.house.gov/public_disc/financial-pdfs/2024/10067819.pdf
Pressley,Ayanna,D,MA,2024,https://disclosures-clerk.house.gov/public_disc/financial-pdfs/2024/10067354.pdf
Quigley,Mike,D,IL,2024,https://disclosures-clerk.house.gov/public_disc/financial-pdfs/2024/8221140.pdf
Ramirez,Delia C.,D,IL,2024,https://disclosures-clerk.house.gov/public_disc/financial-pdfs/2024/10066100.pdf
Randall,Emily,D,WA,2024,https://disclosures-clerk.house.gov/public_disc/financial-pdfs/2024/10066553.pdf
Raskin,Jamie,D,MD,2024,https://disclosures-clerk.house.gov/public_disc/financial-pdfs/2024/10068086.pdf
Reschenthaler,Guy,R,PA,2024,https://disclosures-clerk.house.gov/public_disc/financial-pdfs/2024/10065963.pdf
Riley,Josh,D,NY,2024,https://disclosures-clerk.house.gov/public_disc/financial-pdfs/2024/10068019.pdf
Risch,James E.,R,ID,2025,https://efdsearch.senate.gov/search/view/annual/df7d01d2-e052-48dc-8e73-d2127bb0b2be/
Rivas,Luz M.,D,CA,2024,https://disclosures-clerk.house.gov/public_disc/financial-pdfs/2024/10067736.pdf
Rogers,Harold,R,KY,2024,https://disclosures-clerk.house.gov/public_disc/financial-pdfs/2024/9115593.pdf
Rogers,Mike D.,R,AL,2024,https://disclosures-clerk.house.gov/public_disc/financial-pdfs/2024/8221131.pdf
Rosen,Jacky,D,NV,2025,https://efdsearch.senate.gov/search/view/annual/2577a5e3-3487-4855-9bb0-2ba64f7c98f7/
Ross,Deborah K.,D,NC,2024,https://disclosures-clerk.house.gov/public_disc/financial-pdfs/2024/10067035.pdf
Rounds,Mike,R,SD,2025,https://efdsearch.senate.gov/search/view/annual/11af92d3-b8b3-41c5-913b-1c04f6df8b17/
Rouzer,David,R,NC,2024,https://disclosures-clerk.house.gov/public_disc/financial-pdfs/2024/10068240.pdf
Roy,Chip,R,TX,2024,https://disclosures-clerk.house.gov/public_disc/financial-pdfs/2024/10068654.pdf
Ruiz,Raul,D,CA,2024,https://disclosures-clerk.house.gov/public_disc/financial-pdfs/2024/10070301.pdf
Rulli,Michael A.,R,OH,2024,https://disclosures-clerk.house.gov/public_disc/financial-pdfs/2024/10068716.pdf
Rutherford,John H.,R,FL,2024,https://disclosures-clerk.house.gov/public_disc/financial-pdfs/2024/10066540.pdf
Ryan,Patrick,D,NY,2024,https://disclosures-clerk.house.gov/public_disc/financial-pdfs/2024/10067905.pdf
Salazar,Maria Elvira,R,FL,2024,https://disclosures-clerk.house.gov/public_disc/financial-pdfs/2024/10066968.pdf
Salinas,Andrea,D,OR,2024,https://disclosures-clerk.house.gov/public_disc/financial-pdfs/2024/10068312.pdf
Scalise,Steve,R,LA,2024,https://disclosures-clerk.house.gov/public_disc/financial-pdfs/2024/10067107.pdf
Scanlon,Mary Gay,D,PA,2024,https://disclosures-clerk.house.gov/public_disc/financial-pdfs/2024/10067401.pdf
Schakowsky,Janice D.,D,IL,2024,https://disclosures-clerk.house.gov/public_disc/financial-pdfs/2024/10067235.pdf
Schatz,Brian,D,HI,2025,https://efdsearch.senate.gov/search/view/annual/3940df10-b601-40ba-ad98-539ed8d1ea69/
Schiff,Adam B.,D,CA,2025,https://efdsearch.senate.gov/search/view/annual/c5cbd8d8-c494-4c7c-b487-15adebdfe3c9/
Schmidt,Derek,R,KS,2024,https://disclosures-clerk.house.gov/public_disc/financial-pdfs/2024/10066814.pdf
Schmitt,Eric,R,MO,2025,https://efdsearch.senate.gov/search/view/annual/d743fca3-015d-4358-8d6b-8db091141e1a/
Schneider,Bradley Scott,D,IL,2024,https://disclosures-clerk.house.gov/public_disc/financial-pdfs/2024/10065705.pdf
Scholten,Hillary J.,D,MI,2024,https://disclosures-clerk.house.gov/public_disc/financial-pdfs/2024/10066092.pdf
Schrier,Kim,D,WA,2024,https://disclosures-clerk.house.gov/public_disc/financial-pdfs/2024/10066345.pdf
Schweikert,David,R,AZ,2024,https://disclosures-clerk.house.gov/public_disc/financial-pdfs/2024/10068131.pdf
Scott,Austin,R,GA,2024,https://disclosures-clerk.house.gov/public_disc/financial-pdfs/2024/10068497.pdf
Scott,David,D,GA,2024,https://disclosures-clerk.house.gov/public_disc/financial-pdfs/2024/10068497.pdf
Scott,Rick,R,FL,2025,https://efdsearch.senate.gov/search/view/annual/394a3895-fad5-4242-92f2-3f01ad964358/
Scott,"Robert C. ""Bobby""",D,VA,2024,https://disclosures-clerk.house.gov/public_disc/financial-pdfs/2024/10068065.pdf
Self,Keith,R,TX,2024,https://disclosures-clerk.house.gov/public_disc/financial-pdfs/2024/8221149.pdf
Sessions,Pete,R,TX,2024,https://disclosures-clerk.house.gov/public_disc/financial-pdfs/2024/10068144.pdf
Sewell,Terri A.,D,AL,2024,https://disclosures-clerk.house.gov/public_disc/financial-pdfs/2024/10068080.pdf
Shaheen,Jeanne,D,NH,2025,https://efdsearch.senate.gov/search/view/annual/e8c30bfd-f0cc-4681-be74-cac5f5e8577f/
Sheehy,Tim,R,MT,2025,https://efdsearch.senate.gov/search/view/annual/de0b1ffb-c579-4721-871f-7a69c8c55d39/
Sherman,Brad,D,CA,2024,https://disclosures-clerk.house.gov/public_disc/financial-pdfs/2024/8221129.pdf
Sherrill,Mikie,D,NJ,2024,https://disclosures-clerk.house.gov/public_disc/financial-pdfs/2024/10067322.pdf
Shreve,Jefferson,R,IN,2024,https://disclosures-clerk.house.gov/public_disc/financial-pdfs/2024/10067311.pdf
Simon,Lateefah,D,CA,2024,https://disclosures-clerk.house.gov/public_disc/financial-pdfs/2024/10068046.pdf
Simpson,Michael K.,R,ID,2024,https://disclosures-clerk.house.gov/public_disc/financial-pdfs/2024/10068482.pdf
Slotkin,Elissa,D,MI,2025,https://efdsearch.senate.gov/search/view/annual/b77c404e-584c-45be-9a9d-5df5b7e4141a/
Smith,Adam,D,WA,2024,https://disclosures-clerk.house.gov/public_disc/financial-pdfs/2024/10066320.pdf
Smith,Adrian,R,NE,2024,https://disclosures-clerk.house.gov/public_disc/financial-pdfs/2024/10067347.pdf
Smith,Christopher H.,R,NJ,2024,https://disclosures-clerk.house.gov/public_disc/financial-pdfs/2024/10069050.pdf
Smith,Jason,R,MO,2024,https://disclosures-clerk.house.gov/public_disc/financial-pdfs/2024/10068122.pdf
Smucker,Lloyd,R,PA,2024,https://disclosures-clerk.house.gov/public_disc/financial-pdfs/2024/10067727.pdf
Sorensen,Eric,D,IL,2024,https://disclosures-clerk.house.gov/public_disc/financial-pdfs/2024/10068253.pdf
Soto,Darren,D,FL,2024,https://disclosures-clerk.house.gov/public_disc/financial-pdfs/2024/10067814.pdf
Spartz,Victoria,R,IN,2024,https://disclosures-clerk.house.gov/public_disc/financial-pdfs/2024/10069033.pdf
Stansbury,Melanie A.,D,NM,2024,https://disclosures-clerk.house.gov/public_disc/financial-pdfs/2024/10068255.pdf
Stanton,Greg,D,AZ,2024,https://disclosures-clerk.house.gov/public_disc/financial-pdfs/2024/10070403.pdf
Stauber,Pete,R,MN,2024,https://disclosures-clerk.house.gov/public_disc/financial-pdfs/2024/10068406.pdf
Stefanik,Elise M.,R,NY,2024,https://disclosures-clerk.house.gov/public_disc/financial-pdfs/2024/9115582.pdf
Steil,Bryan,R,WI,2024,https://disclosures-clerk.house.gov/public_disc/financial-pdfs/2024/10066871.pdf
Steube,W. Gregory,R,FL,2024,https://disclosures-clerk.house.gov/public_disc/financial-pdfs/2024/10065961.pdf
Stevens,Haley M.,D,MI,2024,https://disclosures-clerk.house.gov/public_disc/financial-pdfs/2024/10067296.pdf
Strong,Dale W.,R,AL,2024,https://disclosures-clerk.house.gov/public_disc/financial-pdfs/2024/10065891.pdf
Stutzman,Marlin A.,R,IN,2024,https://disclosures-clerk.house.gov/public_disc/financial-pdfs/2024/10068262.pdf
Subramanyam,Suhas,D,VA,2024,https://disclosures-clerk.house.gov/public_disc/financial-pdfs/2024/10066635.pdf
Sullivan,Dan,R,AK,2025,https://efdsearch.senate.gov/search/view/annual/fc795f79-3e7d-4043-94b3-3ae8eff54463/
Suozzi,Thomas R.,D,NY,2024,https://disclosures-clerk.house.gov/public_disc/financial-pdfs/2024/10067516.pdf
Swalwell,Eric,D,CA,2024,https://disclosures-clerk.house.gov/public_disc/financial-pdfs/2024/10066827.pdf
Sykes,Emilia Strong,D,OH,2024,https://disclosures-clerk.house.gov/public_disc/financial-pdfs/2024/10067735.pdf
Sanchez,Linda T.,D,CA,2024,https://disclosures-clerk.house.gov/public_disc/financial-pdfs/2024/10069010.pdf
Takano,Mark,D,CA,2024,https://disclosures-clerk.house.gov/public_disc/financial-pdfs/2024/10066773.pdf
Taylor,David J.,R,OH,2024,https://disclosures-clerk.house.gov/public_disc/financial-pdfs/2024/10068099.pdf
Tenney,Claudia,R,NY,2024,https://disclosures-clerk.house.gov/public_disc/financial-pdfs/2024/10068134.pdf
Thanedar,Shri,D,MI,2024,https://disclosures-clerk.house.gov/public_disc/financial-pdfs/2024/10065892.pdf
Thompson,Bennie G.,D,MS,2024,https://disclosures-clerk.house.gov/public_disc/financial-pdfs/2024/10068669.pdf
Thompson,Glenn,R,PA,2024,https://disclosures-clerk.house.gov/public_disc/financial-pdfs/2024/10067723.pdf
Thompson,Mike,D,CA,2024,https://disclosures-clerk.house.gov/public_disc/financial-pdfs/2024/8221141.pdf
Tiffany,Thomas P.,R,WI,2024,https://disclosures-clerk.house.gov/public_disc/financial-pdfs/2024/10070363.pdf
Tillis,Thomas,R,NC,2025,https://efdsearch.senate.gov/search/view/annual/694ca41e-d422-4487-9d24-15ebab43930e/
Timmons,William R.,R,SC,2024,https://disclosures-clerk.house.gov/public_disc/financial-pdfs/2024/10067714.pdf
Tlaib,Rashida,D,MI,2024,https://disclosures-clerk.house.gov/public_disc/financial-pdfs/2024/10065877.pdf
Tokuda,Jill N.,D,HI,2024,https://disclosures-clerk.house.gov/public_disc/financial-pdfs/2024/10067086.pdf
Tonko,Paul,D,NY,2024,https://disclosures-clerk.house.gov/public_disc/financial-pdfs/2024/10066425.pdf
Torres,Norma J.,D,CA,2024,https://disclosures-clerk.house.gov/public_disc/financial-pdfs/2024/10065948.pdf
Torres,Ritchie,D,NY,2024,https://disclosures-clerk.house.gov/public_disc/financial-pdfs/2024/10069158.pdf
Trahan,Lori,D,MA,2024,https://disclosures-clerk.house.gov/public_disc/financial-pdfs/2024/10067124.pdf
Tran,Derek,D,CA,2024,https://disclosures-clerk.house.gov/public_disc/financial-pdfs/2024/10066135.pdf
Tuberville,Tommy,R,AL,2025,https://efdsearch.senate.gov/search/view/annual/ec0d2d29-4336-42b7-88af-2f07710b3196/
Turner,Michael R.,R,OH,2024,https://disclosures-clerk.house.gov/public_disc/financial-pdfs/2024/10066268.pdf
Underwood,Lauren,D,IL,2024,https://disclosures-clerk.house.gov/public_disc/financial-pdfs/2024/10066450.pdf
Valadao,David G.,R,CA,2024,https://disclosures-clerk.house.gov/public_disc/financial-pdfs/2024/10067886.pdf
Van Drew,Jefferson,R,NJ,2024,https://disclosures-clerk.house.gov/public_disc/financial-pdfs/2024/8221142.pdf
Van Duyne,Beth,R,TX,2024,https://disclosures-clerk.house.gov/public_disc/financial-pdfs/2024/10072107.pdf
Van Orden,Derrick,R,WI,2024,https://disclosures-clerk.house.gov/public_disc/financial-pdfs/2024/10067509.pdf
Vargas,Juan,D,CA,2024,https://disclosures-clerk.house.gov/public_disc/financial-pdfs/2024/10067866.pdf
Vasquez,Gabe,D,NM,2024,https://disclosures-clerk.house.gov/public_disc/financial-pdfs/2024/10067133.pdf
Veasey,Marc A.,D,TX,2024,https://disclosures-clerk.house.gov/public_disc/financial-pdfs/2024/10066347.pdf
Velázquez,Nydia M.,D,NY,2024,https://disclosures-clerk.house.gov/public_disc/financial-pdfs/2024/10066479.pdf
Vindman,Eugene Simon,D,VA,2024,https://disclosures-clerk.house.gov/public_disc/financial-pdfs/2024/10066129.pdf
Wagner,Ann,R,MO,2024,https://disclosures-clerk.house.gov/public_disc/financial-pdfs/2024/10066516.pdf
Walberg,Tim,R,MI,2024,https://disclosures-clerk.house.gov/public_disc/financial-pdfs/2024/10066050.pdf
Warner,Mark R.,D,VA,2025,https://efdsearch.senate.gov/search/view/annual/22abcaef-4e27-4274-9670-c432478d4652/
Wasserman Schultz,Debbie,D,FL,2024,https://disclosures-clerk.house.gov/public_disc/financial-pdfs/2024/10067328.pdf
Waters,Maxine,D,CA,2024,https://disclosures-clerk.house.gov/public_disc/financial-pdfs/2024/10068869.pdf
Coleman,Bonnie,D,NJ,2024,https://disclosures-clerk.house.gov/public_disc/financial-pdfs/2024/8221125.pdf
Weber,Randy K. Sr.,R,TX,2024,https://disclosures-clerk.house.gov/public_disc/financial-pdfs/2024/10071770.pdf
Webster,Daniel,R,FL,2024,https://disclosures-clerk.house.gov/public_disc/financial-pdfs/2024/10066385.pdf
Westerman,Bruce,R,AR,2024,https://disclosures-clerk.house.gov/public_disc/financial-pdfs/2024/10066175.pdf
Whitehouse,Sheldon,D,RI,2025,https://efdsearch.senate.gov/search/view/annual/fc85ab38-07e9-452d-8416-91636fd3f7ee/
Whitesides,George,D,CA,2024,https://disclosures-clerk.house.gov/public_disc/financial-pdfs/2024/10071852.pdf
Wicker,Roger F.,R,MS,2025,https://efdsearch.senate.gov/search/view/annual/a919c45f-7d96-4621-873d-76b52cec60ba/
Wied,Tony,R,WI,2025,https://disclosures-clerk.house.gov/public_disc/financial-pdfs/2025/10066607.pdf
Williams,Nikema,D,GA,2024,https://disclosures-clerk.house.gov/public_disc/financial-pdfs/2024/10067344.pdf
Williams,Roger,R,TX,2024,https://disclosures-clerk.house.gov/public_disc/financial-pdfs/2024/10067032.pdf
Wilson,Frederica S.,D,FL,2024,https://disclosures-clerk.house.gov/public_disc/financial-pdfs/2024/10068913.pdf
Wilson,Joe,R,SC,2024,https://disclosures-clerk.house.gov/public_disc/financial-pdfs/2024/10067157.pdf
Wittman,Robert J.,R,VA,2024,https://disclosures-clerk.house.gov/public_disc/financial-pdfs/2024/10066849.pdf
Womack,Steve,R,AR,2024,https://disclosures-clerk.house.gov/public_disc/financial-pdfs/2024/10068087.pdf
Wyden,Ron,D,OR,2025,https://efdsearch.senate.gov/search/view/annual/e521a678-d546-42d3-9817-9f238d49ea6d/
Yakym,Rudy,R,IN,2024,https://disclosures-clerk.house.gov/public_disc/financial-pdfs/2024/10066284.pdf
Zinke,Ryan K.,R,MT,2024,https://disclosures-clerk.house.gov/public_disc/financial-pdfs/2024/10069229.pdf
Adams,Alma S.,D,NC,2025,https://disclosures-clerk.house.gov/public_disc/financial-pdfs/2025/10077643.pdf
Aderholt,Robert B.,R,AL,2025,https://disclosures-clerk.house.gov/public_disc/financial-pdfs/2025/10078366.pdf
Aguilar,Pete,D,CA,2025,https://disclosures-clerk.house.gov/public_disc/financial-pdfs/2025/10076409.pdf
Alford,Mark,R,MO,2025,https://disclosures-clerk.house.gov/public_disc/financial-pdfs/2025/10076207.pdf
Allen,Rick W.,R,GA,2025,https://disclosures-clerk.house.gov/public_disc/financial-pdfs/2025/10074380.pdf
Alsobrooks,Angela D.,D,MD,2026,https://efdsearch.senate.gov/search/view/annual/bfbd49d0-5e32-4f06-9044-a034f48efd18/
Amo,Gabe,D,RI,2025,https://disclosures-clerk.house.gov/public_disc/financial-pdfs/2025/10076093.pdf
Amodei,Mark E.,R,NV,2025,https://disclosures-clerk.house.gov/public_disc/financial-pdfs/2025/10075736.pdf
Ansari,Yassamin,D,AZ,2025,https://disclosures-clerk.house.gov/public_disc/financial-pdfs/2025/10078188.pdf
Arrington,Jodey C.,R,TX,2025,https://disclosures-clerk.house.gov/public_disc/financial-pdfs/2025/10078577.pdf
Auchincloss,Jake,D,MA,2025,https://disclosures-clerk.house.gov/public_disc/financial-pdfs/2025/10073339.pdf
Babin,Brian,R,TX,2025,https://disclosures-clerk.house.gov/public_disc/financial-pdfs/2025/10076043.pdf
Bacon,Don,R,NE,2025,https://disclosures-clerk.house.gov/public_disc/financial-pdfs/2025/10075432.pdf
Baird,James R.,R,IN,2025,https://disclosures-clerk.house.gov/public_disc/financial-pdfs/2025/10078375.pdf
Balderson,Troy,R,OH,2025,https://disclosures-clerk.house.gov/public_disc/financial-pdfs/2025/10075720.pdf
Baldwin,Tammy,D,WI,2026,https://efdsearch.senate.gov/search/view/annual/26e96ef6-eee0-41ec-a500-9dcd734e92c1/
Balint,Becca,D,VT,2025,https://disclosures-clerk.house.gov/public_disc/financial-pdfs/2025/10075825.pdf
Banks,Jim,R,IN,2026,https://efdsearch.senate.gov/search/view/annual/b12439ea-8513-4059-9ef3-a37326e7297c/
Barr,Andy,R,KY,2025,https://disclosures-clerk.house.gov/public_disc/financial-pdfs/2025/10074914.pdf
Barragan,Nanette Diaz,D,CA,2025,https://disclosures-clerk.house.gov/public_disc/financial-pdfs/2025/10078029.pdf
Barrasso,John,R,WY,2026,https://efdsearch.senate.gov/search/view/annual/1df9baca-d6f2-4de4-be9d-55027b3001df/
Barrett,Tom,R,MI,2025,https://disclosures-clerk.house.gov/public_disc/financial-pdfs/2025/10081387.pdf
Baumgartner,Michael,R,WA,2025,https://disclosures-clerk.house.gov/public_disc/financial-pdfs/2025/10075625.pdf
Bean,Aaron,R,FL,2025,https://disclosures-clerk.house.gov/public_disc/financial-pdfs/2025/10078008.pdf
Beatty,Joyce,D,OH,2025,https://disclosures-clerk.house.gov/public_disc/financial-pdfs/2025/10076774.pdf
Begich,Nicholas J.,R,AK,2025,https://disclosures-clerk.house.gov/public_disc/financial-pdfs/2025/10075994.pdf
Bell,Wesley,D,MO,2025,https://disclosures-clerk.house.gov/public_disc/financial-pdfs/2025/10077038.pdf
Bennet,Michael F.,D,CO,2026,https://efdsearch.senate.gov/search/view/annual/61c2ebe1-75dc-4689-b411-143a26a8c103/
Bentz,Cliff,R,OR,2025,https://disclosures-clerk.house.gov/public_disc/financial-pdfs/2025/10075533.pdf
Bera,Ami,D,CA,2025,https://disclosures-clerk.house.gov/public_disc/financial-pdfs/2025/10081578.pdf
Bergman,Jack,R,MI,2025,https://disclosures-clerk.house.gov/public_disc/financial-pdfs/2025/10076771.pdf
Beyer,Donald S.,D,VA,2025,https://disclosures-clerk.house.gov/public_disc/financial-pdfs/2025/10075444.pdf
Bice,Stephanie I.,R,OK,2025,https://disclosures-clerk.house.gov/public_disc/financial-pdfs/2025/10077486.pdf
Biggs,Andy,R,AZ,2025,https://disclosures-clerk.house.gov/public_disc/financial-pdfs/2025/10076619.pdf
Biggs,Sheri,R,SC,2025,https://disclosures-clerk.house.gov/public_disc/financial-pdfs/2025/10075607.pdf
Bilirakis,Gus M.,R,FL,2025,https://disclosures-clerk.house.gov/public_disc/financial-pdfs/2025/9116162.pdf
Bishop,Sanford D.,D,GA,2025,https://disclosures-clerk.house.gov/public_disc/financial-pdfs/2025/10077628.pdf
Blackburn,Marsha,R,TN,2026,https://efdsearch.senate.gov/search/view/annual/b1c40a20-23b4-4dcb-ad3e-dfa8c0e00e71/
Blumenthal,Richard,D,CT,2026,https://efdsearch.senate.gov/search/view/paper/a5124b02-61d5-4ae4-8ba9-03c0a9de040e/
Blunt Rochester,Lisa,D,DE,2026,https://efdsearch.senate.gov/search/view/annual/a1efffdb-c810-48e4-ac20-08c77313fc71/
Bonamici,Suzanne,D,OR,2025,https://disclosures-clerk.house.gov/public_disc/financial-pdfs/2025/10074745.pdf
Booker,Cory A.,D,NJ,2026,https://efdsearch.senate.gov/search/view/annual/55f811f9-464f-4666-8560-f4bb7c06d284/
Boozman,John,R,AR,2026,https://efdsearch.senate.gov/search/view/annual/9301d6c7-6266-4211-abb6-3dad99b92cf6/
Bost,Mike,R,IL,2025,https://disclosures-clerk.house.gov/public_disc/financial-pdfs/2025/10076261.pdf
Boyle,Brendan F.,D,PA,2025,https://disclosures-clerk.house.gov/public_disc/financial-pdfs/2025/10081432.pdf
Brecheen,Josh,R,OK,2025,https://disclosures-clerk.house.gov/public_disc/financial-pdfs/2025/10077410.pdf
Bresnahan,Robert P.,R,PA,2025,https://disclosures-clerk.house.gov/public_disc/financial-pdfs/2025/10075331.pdf
Britt,Katie Boyd,R,AL,2026,https://efdsearch.senate.gov/search/view/annual/e94da42f-0f1b-416b-9af2-48034c5651b1/
Brown,Shontel M.,D,OH,2025,https://disclosures-clerk.house.gov/public_disc/financial-pdfs/2025/10078356.pdf
Brownley,Julia,D,CA,2025,https://disclosures-clerk.house.gov/public_disc/financial-pdfs/2025/10075256.pdf
Buchanan,Vern,R,FL,2025,https://disclosures-clerk.house.gov/public_disc/financial-pdfs/2025/10078132.pdf
Budd,Ted,R,NC,2026,https://efdsearch.senate.gov/search/view/annual/191f9640-6a2c-4534-a395-567467035bef/
Budzinski,Nikki,D,IL,2025,https://disclosures-clerk.house.gov/public_disc/financial-pdfs/2025/10077489.pdf
Burchett,Tim,R,TN,2025,https://disclosures-clerk.house.gov/public_disc/financial-pdfs/2025/10075225.pdf
Burlison,Eric,R,MO,2025,https://disclosures-clerk.house.gov/public_disc/financial-pdfs/2025/10074953.pdf
Bynum,Janelle S.,D,OR,2025,https://disclosures-clerk.house.gov/public_disc/financial-pdfs/2025/10075640.pdf
Calvert,Ken,R,CA,2025,https://disclosures-clerk.house.gov/public_disc/financial-pdfs/2025/10075757.pdf
Cammack,Kat,R,FL,2025,https://disclosures-clerk.house.gov/public_disc/financial-pdfs/2025/10081635.pdf
Cantwell,Maria,D,WA,2026,https://efdsearch.senate.gov/search/view/annual/46954eab-05b2-4f62-a794-5308f5331aa8/
Capito,Shelley Moore,R,WV,2026,https://efdsearch.senate.gov/search/view/annual/f9c92717-694d-4ba6-aa3d-f214b63fa783/
Carbajal,Salud O.,D,CA,2025,https://disclosures-clerk.house.gov/public_disc/financial-pdfs/2025/10077955.pdf
Carey,Mike,R,OH,2025,https://disclosures-clerk.house.gov/public_disc/financial-pdfs/2025/10081577.pdf
Carson,André,D,IN,2025,https://disclosures-clerk.house.gov/public_disc/financial-pdfs/2025/10077495.pdf
Carter,"Earl L. ""Buddy""",R,GA,2025,https://disclosures-clerk.house.gov/public_disc/financial-pdfs/2025/10076245.pdf
Carter,John R.,R,TX,2025,https://disclosures-clerk.house.gov/public_disc/financial-pdfs/2025/10077379.pdf
Carter,Troy A.,D,LA,2025,https://disclosures-clerk.house.gov/public_disc/financial-pdfs/2025/9116155.pdf
Casar,Greg,D,TX,2025,https://disclosures-clerk.house.gov/public_disc/financial-pdfs/2025/10076038.pdf
Case,Ed,D,HI,2025,https://disclosures-clerk.house.gov/public_disc/financial-pdfs/2025/10074497.pdf
Cassidy,Bill,R,LA,2026,https://efdsearch.senate.gov/search/view/annual/87cbe5f2-ea6d-470a-982b-684f92116e8f/
Casten,Sean,D,IL,2025,https://disclosures-clerk.house.gov/public_disc/financial-pdfs/2025/10076925.pdf
Castor,Kathy,D,FL,2025,https://disclosures-clerk.house.gov/public_disc/financial-pdfs/2025/10076959.pdf
Castro,Joaquin,D,TX,2025,https://disclosures-clerk.house.gov/public_disc/financial-pdfs/2025/9116275.pdf
Chu,Judy,D,CA,2025,https://disclosures-clerk.house.gov/public_disc/financial-pdfs/2025/10077247.pdf
Ciscomani,Juan,R,AZ,2025,https://disclosures-clerk.house.gov/public_disc/financial-pdfs/2025/10075962.pdf
Cisneros,Gilbert Ray,D,CA,2025,https://disclosures-clerk.house.gov/public_disc/financial-pdfs/2025/10074952.pdf
Clark,Katherine M.,D,MA,2025,https://disclosures-clerk.house.gov/public_disc/financial-pdfs/2025/10075831.pdf
Clarke,Yvette D.,D,NY,2025,https://disclosures-clerk.house.gov/public_disc/financial-pdfs/2025/10078658.pdf
Cleaver,Emanuel,D,MO,2025,https://disclosures-clerk.house.gov/public_disc/financial-pdfs/2025/10077708.pdf
Cline,Ben,R,VA,2025,https://disclosures-clerk.house.gov/public_disc/financial-pdfs/2025/10081459.pdf
Cloud,Michael,R,TX,2025,https://disclosures-clerk.house.gov/public_disc/financial-pdfs/2025/10077004.pdf
Clyburn,James E.,D,SC,2025,https://disclosures-clerk.house.gov/public_disc/financial-pdfs/2025/10076090.pdf
Clyde,Andrew S.,R,GA,2025,https://disclosures-clerk.house.gov/public_disc/financial-pdfs/2025/10077683.pdf
Cohen,Steve,D,TN,2025,https://disclosures-clerk.house.gov/public_disc/financial-pdfs/2025/10074620.pdf
Cole,Tom,R,OK,2025,https://disclosures-clerk.house.gov/public_disc/financial-pdfs/2025/10077471.pdf
Collins,Mike,R,GA,2025,https://disclosures-clerk.house.gov/public_disc/financial-pdfs/2025/10081384.pdf
Collins,Susan M.,R,ME,2026,https://efdsearch.senate.gov/search/view/annual/2cf70262-d7c1-42e3-b171-a9a81976d919/
Comer,James,R,KY,2025,https://disclosures-clerk.house.gov/public_disc/financial-pdfs/2025/10077651.pdf
Conaway,Herbert C.,D,NJ,2025,https://disclosures-clerk.house.gov/public_disc/financial-pdfs/2025/10081464.pdf
Coons,Christopher A.,D,DE,2026,https://efdsearch.senate.gov/search/view/annual/1a0ba218-aebd-4e7c-a4b8-faa7b157a48a/
Cornyn,John,R,TX,2026,https://efdsearch.senate.gov/search/view/annual/4eb7b58b-17db-4883-86d0-5f39cc623c00/
Correa,J. Luis,D,CA,2025,https://disclosures-clerk.house.gov/public_disc/financial-pdfs/2025/10077252.pdf
Cortez Masto,Catherine,D,NV,2026,https://efdsearch.senate.gov/search/view/annual/aa714890-8d13-43b1-b78a-ce17103a8e4d/
Costa,Jim,D,CA,2025,https://disclosures-clerk.house.gov/public_disc/financial-pdfs/2025/10077120.pdf
Cotton,Tom,R,AR,2026,https://efdsearch.senate.gov/search/view/annual/4223f1f4-aeca-4d86-b7ef-47588e0e4575/
Courtney,Joe,D,CT,2025,https://disclosures-clerk.house.gov/public_disc/financial-pdfs/2025/10076814.pdf
Craig,Angie,D,MN,2025,https://disclosures-clerk.house.gov/public_disc/financial-pdfs/2025/9116157.pdf
Cramer,Kevin,R,ND,2026,https://efdsearch.senate.gov/search/view/annual/c7a06cfe-bf3f-4692-928a-f7507f42a539/
Crane,Elijah,R,AZ,2025,https://disclosures-clerk.house.gov/public_disc/financial-pdfs/2025/10076777.pdf
Crank,Jeff,R,CO,2025,https://disclosures-clerk.house.gov/public_disc/financial-pdfs/2025/10077119.pdf
Crapo,Mike,R,ID,2026,https://efdsearch.senate.gov/search/view/annual/b6a7bfb2-71d6-4b67-b3bd-8b36f895655e/
Crawford,"Eric A. ""Rick""",R,AR,2025,https://disclosures-clerk.house.gov/public_disc/financial-pdfs/2025/10075175.pdf
Crockett,Jasmine,D,TX,2025,https://disclosures-clerk.house.gov/public_disc/financial-pdfs/2025/10074813.pdf
Crow,Jason,D,CO,2025,https://disclosures-clerk.house.gov/public_disc/financial-pdfs/2025/10075265.pdf
Cruz,Ted,R,TX,2026,https://efdsearch.senate.gov/search/view/annual/cf2a1a88-62f5-41ae-95ed-48a341687be7/
Cuellar,Henry,D,TX,2025,https://disclosures-clerk.house.gov/public_disc/financial-pdfs/2025/10077167.pdf
Curtis,John R.,R,UT,2026,https://efdsearch.senate.gov/search/view/annual/dbac9cff-e9f0-461a-8b23-8c0280e09639/
Daines,Steve,R,MT,2026,https://efdsearch.senate.gov/search/view/annual/97f579ad-e413-4e93-9ed3-7866a7a324d9/
Davids,Sharice,D,KS,2025,https://disclosures-clerk.house.gov/public_disc/financial-pdfs/2025/10077176.pdf
Davidson,Warren,R,OH,2025,https://disclosures-clerk.house.gov/public_disc/financial-pdfs/2025/10077347.pdf
Davis,Danny K.,D,IL,2025,https://disclosures-clerk.house.gov/public_disc/financial-pdfs/2025/9116220.pdf
Davis,Donald G.,D,NC,2025,https://disclosures-clerk.house.gov/public_disc/financial-pdfs/2025/10078601.pdf
De La Cruz,Monica,R,TX,2025,https://disclosures-clerk.house.gov/public_disc/financial-pdfs/2025/10075630.pdf
DeGette,Diana,D,CO,2025,https://disclosures-clerk.house.gov/public_disc/financial-pdfs/2025/10075330.pdf
DeLauro,Rosa L.,D,CT,2025,https://disclosures-clerk.house.gov/public_disc/financial-pdfs/2025/10078564.pdf
DeSaulnier,Mark,D,CA,2025,https://disclosures-clerk.house.gov/public_disc/financial-pdfs/2025/10078110.pdf
Dean,Madeleine,D,PA,2025,https://disclosures-clerk.house.gov/public_disc/financial-pdfs/2025/10077397.pdf
DelBene,Suzan K.,D,WA,2025,https://disclosures-clerk.house.gov/public_disc/financial-pdfs/2025/10076133.pdf
Deluzio,Christopher R.,D,PA,2025,https://disclosures-clerk.house.gov/public_disc/financial-pdfs/2025/10074671.pdf
DesJarlais,Scott,R,TN,2025,https://disclosures-clerk.house.gov/public_disc/financial-pdfs/2025/10077566.pdf
Dexter,Maxine,D,OR,2025,https://disclosures-clerk.house.gov/public_disc/financial-pdfs/2025/10077553.pdf
Diaz-Balart,Mario,R,FL,2025,https://disclosures-clerk.house.gov/public_disc/financial-pdfs/2025/10076701.pdf
Dingell,Debbie,D,MI,2025,https://disclosures-clerk.house.gov/public_disc/financial-pdfs/2025/10075123.pdf
Doggett,Lloyd,D,TX,2025,https://disclosures-clerk.house.gov/public_disc/financial-pdfs/2025/10074933.pdf
Donalds,Byron,R,FL,2025,https://disclosures-clerk.house.gov/public_disc/financial-pdfs/2025/10075306.pdf
Downing,Troy,R,MT,2025,https://disclosures-clerk.house.gov/public_disc/financial-pdfs/2025/10078011.pdf
Dunn,Neal P.,R,FL,2025,https://disclosures-clerk.house.gov/public_disc/financial-pdfs/2025/10076120.pdf
Durbin,Richard J.,D,IL,2026,https://efdsearch.senate.gov/search/view/paper/8f61bf83-7edd-40ec-abb1-32af51e396d9/
Edwards,Chuck,R,NC,2025,https://disclosures-clerk.house.gov/public_disc/financial-pdfs/2025/10077030.pdf
Elfreth,Sarah,D,MD,2025,https://disclosures-clerk.house.gov/public_disc/financial-pdfs/2025/10075345.pdf
Ellzey,Jake,R,TX,2025,https://disclosures-clerk.house.gov/public_disc/financial-pdfs/2025/10075218.pdf
Emmer,Tom,R,MN,2025,https://disclosures-clerk.house.gov/public_disc/financial-pdfs/2025/9116158.pdf
Ernst,Joni,R,IA,2026,https://efdsearch.senate.gov/search/view/annual/4498b05c-5009-4f94-9c9d-021f32390dbd/
Escobar,Veronica,D,TX,2025,https://disclosures-clerk.house.gov/public_disc/financial-pdfs/2025/10076181.pdf
Espaillat,Adriano,D,NY,2025,https://disclosures-clerk.house.gov/public_disc/financial-pdfs/2025/10077866.pdf
Estes,Ron,R,KS,2025,https://disclosures-clerk.house.gov/public_disc/financial-pdfs/2025/10076698.pdf
Evans,Dwight,D,PA,2025,https://disclosures-clerk.house.gov/public_disc/financial-pdfs/2025/10077377.pdf
Evans,Gabe,R,CO,2025,https://disclosures-clerk.house.gov/public_disc/financial-pdfs/2025/10078293.pdf
Ezell,Mike,R,MS,2025,https://disclosures-clerk.house.gov/public_disc/financial-pdfs/2025/10075579.pdf
Fallon,Pat,R,TX,2025,https://disclosures-clerk.house.gov/public_disc/financial-pdfs/2025/10073345.pdf
Fedorchak,Julie,R,ND,2025,https://disclosures-clerk.house.gov/public_disc/financial-pdfs/2025/10077206.pdf
Feenstra,Randy,R,IA,2025,https://disclosures-clerk.house.gov/public_disc/financial-pdfs/2025/10076528.pdf
Fetterman,John,D,PA,2026,https://efdsearch.senate.gov/search/view/annual/8eed05ea-ec2d-4ef5-b458-d410fd76b40e/
Fields,Cleo,D,LA,2025,https://disclosures-clerk.house.gov/public_disc/financial-pdfs/2025/10074378.pdf
Figures,Shomari,D,AL,2025,https://disclosures-clerk.house.gov/public_disc/financial-pdfs/2025/10081374.pdf
Fine,Randy,R,FL,2025,https://disclosures-clerk.house.gov/public_disc/financial-pdfs/2025/10077599.pdf
Finstad,Brad,R,MN,2025,https://disclosures-clerk.house.gov/public_disc/financial-pdfs/2025/10077771.pdf
Fischbach,Michelle,R,MN,2025,https://disclosures-clerk.house.gov/public_disc/financial-pdfs/2025/10077470.pdf
Fischer,Deb,R,NE,2026,https://efdsearch.senate.gov/search/view/annual/e94662dc-6bb3-4f4b-ae14-a019f41ed612/
Fitzgerald,Scott,R,WI,2025,https://disclosures-clerk.house.gov/public_disc/financial-pdfs/2025/10076165.pdf
Fitzpatrick,Brian K.,R,PA,2025,https://disclosures-clerk.house.gov/public_disc/financial-pdfs/2025/10074614.pdf
Fleischmann,"Charles J. ""Chuck""",R,TN,2025,https://disclosures-clerk.house.gov/public_disc/financial-pdfs/2025/9116159.pdf
Fletcher,Lizzie,D,TX,2025,https://disclosures-clerk.house.gov/public_disc/financial-pdfs/2025/10076222.pdf
Flood,Mike,R,NE,2025,https://disclosures-clerk.house.gov/public_disc/financial-pdfs/2025/10077878.pdf
Fong,Vince,R,CA,2025,https://disclosures-clerk.house.gov/public_disc/financial-pdfs/2025/10076689.pdf
Foster,Bill,D,IL,2025,https://disclosures-clerk.house.gov/public_disc/financial-pdfs/2025/10074956.pdf
Foushee,Valerie P.,D,NC,2025,https://disclosures-clerk.house.gov/public_disc/financial-pdfs/2025/10076606.pdf
Foxx,Virginia,R,NC,2025,https://disclosures-clerk.house.gov/public_disc/financial-pdfs/2025/10076776.pdf
Frankel,Lois,D,FL,2025,https://disclosures-clerk.house.gov/public_disc/financial-pdfs/2025/10075817.pdf
Franklin,Scott,R,FL,2025,https://disclosures-clerk.house.gov/public_disc/financial-pdfs/2025/10077449.pdf
Friedman,Laura,D,CA,2025,https://disclosures-clerk.house.gov/public_disc/financial-pdfs/2025/10076263.pdf
Frost,Maxwell,D,FL,2025,https://disclosures-clerk.house.gov/public_disc/financial-pdfs/2025/10077999.pdf
Fry,Russell,R,SC,2025,https://disclosures-clerk.house.gov/public_disc/financial-pdfs/2025/10076793.pdf
Fulcher,Russ,R,ID,2025,https://disclosures-clerk.house.gov/public_disc/financial-pdfs/2025/10077463.pdf
Fuller,Clay,R,GA,2026,https://disclosures-clerk.house.gov/public_disc/financial-pdfs/2026/10078339.pdf
Gallego,Ruben,D,AZ,2026,https://efdsearch.senate.gov/search/view/annual/05bf2b1a-732f-4cc7-87a3-1ecae9c1034b/
Garamendi,John,D,CA,2025,https://disclosures-clerk.house.gov/public_disc/financial-pdfs/2025/10075753.pdf
Garbarino,Andrew R.,R,NY,2025,https://disclosures-clerk.house.gov/public_disc/financial-pdfs/2025/10076832.pdf
Garcia,Robert,D,CA,2025,https://disclosures-clerk.house.gov/public_disc/financial-pdfs/2025/10076607.pdf
Garcia,Sylvia R.,D,TX,2025,https://disclosures-clerk.house.gov/public_disc/financial-pdfs/2025/10075794.pdf
Garcia,"Jesús G. ""Chuy""",D,IL,2025,https://disclosures-clerk.house.gov/public_disc/financial-pdfs/2025/10074910.pdf
Gill,Brandon,R,TX,2025,https://disclosures-clerk.house.gov/public_disc/financial-pdfs/2025/10077427.pdf
Gillen,Laura,D,NY,2025,https://disclosures-clerk.house.gov/public_disc/financial-pdfs/2025/10077133.pdf
Gillibrand,Kirsten E.,D,NY,2026,https://efdsearch.senate.gov/search/view/annual/2beb582f-859a-4e8c-98fb-b0887f52a494/
Gimenez,Carlos A.,R,FL,2025,https://disclosures-clerk.house.gov/public_disc/financial-pdfs/2025/10078065.pdf
Golden,Jared F.,D,ME,2025,https://disclosures-clerk.house.gov/public_disc/financial-pdfs/2025/10074766.pdf
Goldman,Craig A.,R,TX,2025,https://disclosures-clerk.house.gov/public_disc/financial-pdfs/2025/10074631.pdf
Goldman,Daniel S.,D,NY,2025,https://disclosures-clerk.house.gov/public_disc/financial-pdfs/2025/10075172.pdf
Gomez,Jimmy,D,CA,2025,https://disclosures-clerk.house.gov/public_disc/financial-pdfs/2025/10076526.pdf
Gonzalez,Vicente,D,TX,2025,https://disclosures-clerk.house.gov/public_disc/financial-pdfs/2025/9116230.pdf
Gooden,Lance,R,TX,2025,https://disclosures-clerk.house.gov/public_disc/financial-pdfs/2025/10077981.pdf
Goodlander,Maggie,D,NH,2025,https://disclosures-clerk.house.gov/public_disc/financial-pdfs/2025/10076838.pdf
Gosar,Paul A.,R,AZ,2025,https://disclosures-clerk.house.gov/public_disc/financial-pdfs/2025/9116160.pdf
Gottheimer,Josh,D,NJ,2025,https://disclosures-clerk.house.gov/public_disc/financial-pdfs/2025/10074410.pdf
Grassley,Chuck,R,IA,2026,https://efdsearch.senate.gov/search/view/annual/c7bb278f-2755-4b94-8d01-1fe5b5c6849f/
Graves,Sam,R,MO,2025,https://disclosures-clerk.house.gov/public_disc/financial-pdfs/2025/10076300.pdf
Gray,Adam,D,CA,2025,https://disclosures-clerk.house.gov/public_disc/financial-pdfs/2025/10076344.pdf
Green,Al,D,TX,2025,https://disclosures-clerk.house.gov/public_disc/financial-pdfs/2025/10076561.pdf
Griffith,H. Morgan,R,VA,2025,https://disclosures-clerk.house.gov/public_disc/financial-pdfs/2025/10078018.pdf
Grijalva,Adelita S.,D,AZ,2025,https://disclosures-clerk.house.gov/public_disc/financial-pdfs/2025/10076172.pdf
Grothman,Glenn,R,WI,2025,https://disclosures-clerk.house.gov/public_disc/financial-pdfs/2025/10077401.pdf
Guest,Michael,R,MS,2025,https://disclosures-clerk.house.gov/public_disc/financial-pdfs/2025/9116295.pdf
Guthrie,Brett,R,KY,2025,https://disclosures-clerk.house.gov/public_disc/financial-pdfs/2025/9116161.pdf
Hageman,Harriet M.,R,WY,2025,https://disclosures-clerk.house.gov/public_disc/financial-pdfs/2025/10076067.pdf
Hagerty,Bill,R,TN,2026,https://efdsearch.senate.gov/search/view/annual/4563d3b7-75ca-437a-addc-9b057a83129e/
Hamadeh,Abraham J.,R,AZ,2025,https://disclosures-clerk.house.gov/public_disc/financial-pdfs/2025/10074768.pdf
Harder,Josh,D,CA,2025,https://disclosures-clerk.house.gov/public_disc/financial-pdfs/2025/10076099.pdf
Haridopolos,Mike,R,FL,2025,https://disclosures-clerk.house.gov/public_disc/financial-pdfs/2025/10076343.pdf
Harrigan,Pat,R,NC,2025,https://disclosures-clerk.house.gov/public_disc/financial-pdfs/2025/10081474.pdf
Harris,Andy,R,MD,2025,https://disclosures-clerk.house.gov/public_disc/financial-pdfs/2025/10078274.pdf
Harris,Mark,R,NC,2025,https://disclosures-clerk.house.gov/public_disc/financial-pdfs/2025/10076282.pdf
Harshbarger,Diana,R,TN,2025,https://disclosures-clerk.house.gov/public_disc/financial-pdfs/2025/9116296.pdf
Hassan,Margaret Wood,D,NH,2026,https://efdsearch.senate.gov/search/view/annual/f30d98b7-0388-4ca8-af27-ea738e5a2a8f/
Hawley,Josh,R,MO,2026,https://efdsearch.senate.gov/search/view/annual/7c410f7d-e3c3-4d9d-a0ed-fb4b59159fc5/
Hayes,Jahana,D,CT,2025,https://disclosures-clerk.house.gov/public_disc/financial-pdfs/2025/10076853.pdf
Heinrich,Martin,D,NM,2026,https://efdsearch.senate.gov/search/view/annual/f2914d75-d108-4c63-a21c-f45d9215f01a/
Hern,Kevin,R,OK,2025,https://disclosures-clerk.house.gov/public_disc/financial-pdfs/2025/10075834.pdf
Hernandez,Pablo Jose,D,PR,2025,https://disclosures-clerk.house.gov/public_disc/financial-pdfs/2025/10076730.pdf
Hickenlooper,John W.,D,CO,2026,https://efdsearch.senate.gov/search/view/annual/d5b10a7a-5b87-4bac-b9d5-169ef0498fe9/
Higgins,Clay,R,LA,2025,https://disclosures-clerk.house.gov/public_disc/financial-pdfs/2025/10076811.pdf
Hill,J. French,R,AR,2025,https://disclosures-clerk.house.gov/public_disc/financial-pdfs/2025/10076109.pdf
Himes,James A.,D,CT,2025,https://disclosures-clerk.house.gov/public_disc/financial-pdfs/2025/10077713.pdf
Arenholz,Ashley,R,IA,2025,https://disclosures-clerk.house.gov/public_disc/financial-pdfs/2025/10076278.pdf
Hirono,Mazie K.,D,HI,2026,https://efdsearch.senate.gov/search/view/annual/563efdcb-07c4-41c1-90d7-b26f808d9dad/
Hoeven,John,R,ND,2026,https://efdsearch.senate.gov/search/view/annual/5017f261-566c-4890-bd83-90ad12d39faf/
Horsford,Steven,D,NV,2025,https://disclosures-clerk.house.gov/public_disc/financial-pdfs/2025/10077978.pdf
Houchin,Erin,R,IN,2025,https://disclosures-clerk.house.gov/public_disc/financial-pdfs/2025/10076347.pdf
Houlahan,Chrissy,D,PA,2025,https://disclosures-clerk.house.gov/public_disc/financial-pdfs/2025/10077226.pdf
Hoyer,Steny H.,D,MD,2025,https://disclosures-clerk.house.gov/public_disc/financial-pdfs/2025/10081440.pdf
Hoyle,Val T.,D,OR,2025,https://disclosures-clerk.house.gov/public_disc/financial-pdfs/2025/10077015.pdf
Hudson,Richard,R,NC,2025,https://disclosures-clerk.house.gov/public_disc/financial-pdfs/2025/10081164.pdf
Huffman,Jared,D,CA,2025,https://disclosures-clerk.house.gov/public_disc/financial-pdfs/2025/10078256.pdf
Huizenga,Bill,R,MI,2025,https://disclosures-clerk.house.gov/public_disc/financial-pdfs/2025/10076950.pdf
Hunt,Wesley,R,TX,2025,https://disclosures-clerk.house.gov/public_disc/financial-pdfs/2025/10078168.pdf
Hurd,Jeff,R,CO,2025,https://disclosures-clerk.house.gov/public_disc/financial-pdfs/2025/10076786.pdf
Husted,Jon,R,OH,2026,https://efdsearch.senate.gov/search/view/annual/547bd212-0d13-4546-af17-669518b8a361/
Hyde-Smith,Cindy,R,MS,2026,https://efdsearch.senate.gov/search/view/annual/df0469e4-8285-4dc7-b389-3d161bc950a0/
Issa,Darrell,R,CA,2025,https://disclosures-clerk.house.gov/public_disc/financial-pdfs/2025/10075815.pdf
Ivey,Glenn,D,MD,2025,https://disclosures-clerk.house.gov/public_disc/financial-pdfs/2025/10081413.pdf
Jack,Brian,R,GA,2025,https://disclosures-clerk.house.gov/public_disc/financial-pdfs/2025/10077024.pdf
Jackson,Jonathan L.,D,IL,2025,https://disclosures-clerk.house.gov/public_disc/financial-pdfs/2025/10073351.pdf
Jackson,Ronny,R,TX,2025,https://disclosures-clerk.house.gov/public_disc/financial-pdfs/2025/10075233.pdf
Jacobs,Sara,D,CA,2025,https://disclosures-clerk.house.gov/public_disc/financial-pdfs/2025/10074394.pdf
James,John,R,MI,2025,https://disclosures-clerk.house.gov/public_disc/financial-pdfs/2025/10076053.pdf
Jayapal,Pramila,D,WA,2025,https://disclosures-clerk.house.gov/public_disc/financial-pdfs/2025/10076844.pdf
Jeffries,Hakeem S.,D,NY,2025,https://disclosures-clerk.house.gov/public_disc/financial-pdfs/2025/10076550.pdf
Johnson,Dusty,R,SD,2025,https://disclosures-clerk.house.gov/public_disc/financial-pdfs/2025/10075320.pdf
Johnson,"Henry C. ""Hank""",D,GA,2025,https://disclosures-clerk.house.gov/public_disc/financial-pdfs/2025/10078365.pdf
Johnson,Julie,D,TX,2025,https://disclosures-clerk.house.gov/public_disc/financial-pdfs/2025/10075196.pdf
Johnson,Mike,R,LA,2025,https://disclosures-clerk.house.gov/public_disc/financial-pdfs/2025/10081199.pdf
Johnson,Ron,R,WI,2026,https://efdsearch.senate.gov/search/view/annual/7edd491e-0ee4-46cb-acb2-6c9d06b89803/
Jordan,Jim,R,OH,2025,https://disclosures-clerk.house.gov/public_disc/financial-pdfs/2025/10076961.pdf
Joyce,David P.,R,OH,2025,https://disclosures-clerk.house.gov/public_disc/financial-pdfs/2025/10078592.pdf
Joyce,John,R,PA,2025,https://disclosures-clerk.house.gov/public_disc/financial-pdfs/2025/10076448.pdf
Justice,James C.,R,WV,2026,https://efdsearch.senate.gov/search/view/annual/5a069df5-928e-4ce3-b505-e0b2312823c8/
Kaine,Tim,D,VA,2026,https://efdsearch.senate.gov/search/view/annual/22da35f5-7eee-41af-9ca6-d6ac830f98cc/
Kamlager-Dove,Sydney,D,CA,2025,https://disclosures-clerk.house.gov/public_disc/financial-pdfs/2025/10076932.pdf
Kaptur,Marcy,D,OH,2025,https://disclosures-clerk.house.gov/public_disc/financial-pdfs/2025/10077103.pdf
Kean,Thomas H.,R,NJ,2025,https://disclosures-clerk.house.gov/public_disc/financial-pdfs/2025/10075136.pdf
Keating,William R.,D,MA,2025,https://disclosures-clerk.house.gov/public_disc/financial-pdfs/2025/10078334.pdf
Kelly,Mark,D,AZ,2026,https://efdsearch.senate.gov/search/view/annual/4a55a772-88d7-4816-aec9-99360f8e241f/
Kelly,Mike,R,PA,2025,https://disclosures-clerk.house.gov/public_disc/financial-pdfs/2025/10075845.pdf
Kelly,Robin L.,D,IL,2025,https://disclosures-clerk.house.gov/public_disc/financial-pdfs/2025/10076866.pdf
Kelly,Trent,R,MS,2025,https://disclosures-clerk.house.gov/public_disc/financial-pdfs/2025/10075653.pdf
Kennedy,John,R,LA,2026,https://efdsearch.senate.gov/search/view/annual/03ab6c35-18af-4410-a363-b3bdf3810a3a/
Kennedy,Mike,R,UT,2025,https://disclosures-clerk.house.gov/public_disc/financial-pdfs/2025/10074834.pdf
Kennedy,Timothy M.,D,NY,2025,https://disclosures-clerk.house.gov/public_disc/financial-pdfs/2025/10077641.pdf
Khanna,Ro,D,CA,2025,https://disclosures-clerk.house.gov/public_disc/financial-pdfs/2025/9116272.pdf
Kiggans,Jennifer A.,R,VA,2025,https://disclosures-clerk.house.gov/public_disc/financial-pdfs/2025/10079859.pdf
Kiley,Kevin,I,CA,2025,https://disclosures-clerk.house.gov/public_disc/financial-pdfs/2025/10081361.pdf
Kim,Andy,D,NJ,2026,https://efdsearch.senate.gov/search/view/annual/fedaaab8-5ad6-4a1b-9113-f151768e779e/
Kim,Young,R,CA,2025,https://disclosures-clerk.house.gov/public_disc/financial-pdfs/2025/10074771.pdf
King,Angus S.,I,ME,2026,https://efdsearch.senate.gov/search/view/annual/a077d6df-36f1-4ebf-b7b1-b5568c88a4ec/
King-Hinds,Kimberlyn,R,MP,2025,https://disclosures-clerk.house.gov/public_disc/financial-pdfs/2025/10077466.pdf
Klobuchar,Amy,D,MN,2026,https://efdsearch.senate.gov/search/view/annual/7a00461b-7b24-40b3-88da-3c15b9a40835/
Knott,Brad,R,NC,2025,https://disclosures-clerk.house.gov/public_disc/financial-pdfs/2025/10081536.pdf
Krishnamoorthi,Raja,D,IL,2025,https://disclosures-clerk.house.gov/public_disc/financial-pdfs/2025/10074805.pdf
Kustoff,David,R,TN,2025,https://disclosures-clerk.house.gov/public_disc/financial-pdfs/2025/10076393.pdf
LaHood,Darin,R,IL,2025,https://disclosures-clerk.house.gov/public_disc/financial-pdfs/2025/10076177.pdf
LaLota,Nick,R,NY,2025,https://disclosures-clerk.house.gov/public_disc/financial-pdfs/2025/10077693.pdf
Landsman,Greg,D,OH,2025,https://disclosures-clerk.house.gov/public_disc/financial-pdfs/2025/10074384.pdf
Langworthy,Nicholas A.,R,NY,2025,https://disclosures-clerk.house.gov/public_disc/financial-pdfs/2025/10078337.pdf
Lankford,James,R,OK,2026,https://efdsearch.senate.gov/search/view/annual/803e6ea9-d1e0-48d3-bfa2-2c64b802387c/
Larsen,Rick,D,WA,2025,https://disclosures-clerk.house.gov/public_disc/financial-pdfs/2025/10075151.pdf
Larson,John B.,D,CT,2025,https://disclosures-clerk.house.gov/public_disc/financial-pdfs/2025/10074715.pdf
Latimer,George,D,NY,2025,https://disclosures-clerk.house.gov/public_disc/financial-pdfs/2025/10077972.pdf
Latta,Robert E.,R,OH,2025,https://disclosures-clerk.house.gov/public_disc/financial-pdfs/2025/10075087.pdf
Lawler,Michael,R,NY,2025,https://disclosures-clerk.house.gov/public_disc/financial-pdfs/2025/10078077.pdf
Lee,Laurel M.,R,FL,2025,https://disclosures-clerk.house.gov/public_disc/financial-pdfs/2025/10081525.pdf
Lee,Mike,R,UT,2026,https://efdsearch.senate.gov/search/view/annual/7074d4bc-00c3-4eda-b81c-0ad33acf62fa/
Lee,Summer L.,D,PA,2025,https://disclosures-clerk.house.gov/public_disc/financial-pdfs/2025/10078665.pdf
Lee,Susie,D,NV,2025,https://disclosures-clerk.house.gov/public_disc/financial-pdfs/2025/10075708.pdf
Leger Fernandez,Teresa,D,NM,2025,https://disclosures-clerk.house.gov/public_disc/financial-pdfs/2025/10077330.pdf
Letlow,Julia,R,LA,2025,https://disclosures-clerk.house.gov/public_disc/financial-pdfs/2025/10076014.pdf
Levin,Mike,D,CA,2025,https://disclosures-clerk.house.gov/public_disc/financial-pdfs/2025/10075542.pdf
Liccardo,Sam T.,D,CA,2025,https://disclosures-clerk.house.gov/public_disc/financial-pdfs/2025/10078554.pdf
Lieu,Ted,D,CA,2025,https://disclosures-clerk.house.gov/public_disc/financial-pdfs/2025/10078282.pdf
Lofgren,Zoe,D,CA,2025,https://disclosures-clerk.house.gov/public_disc/financial-pdfs/2025/10074949.pdf
Loudermilk,Barry,R,GA,2025,https://disclosures-clerk.house.gov/public_disc/financial-pdfs/2025/10077817.pdf
Lucas,Frank D.,R,OK,2025,https://disclosures-clerk.house.gov/public_disc/financial-pdfs/2025/10077228.pdf
Lummis,Cynthia M.,R,WY,2026,https://efdsearch.senate.gov/search/view/annual/1e9b68e7-a359-4b46-9621-d07d92c25689/
Paulina Luna,Anna,R,FL,2025,https://disclosures-clerk.house.gov/public_disc/financial-pdfs/2025/10076371.pdf
Luttrell,Morgan,R,TX,2025,https://disclosures-clerk.house.gov/public_disc/financial-pdfs/2025/10081366.pdf
Lynch,Stephen F.,D,MA,2025,https://disclosures-clerk.house.gov/public_disc/financial-pdfs/2025/10076086.pdf
Mace,Nancy,R,SC,2025,https://disclosures-clerk.house.gov/public_disc/financial-pdfs/2025/10081687.pdf
Mackenzie,Ryan,R,PA,2025,https://disclosures-clerk.house.gov/public_disc/financial-pdfs/2025/10076997.pdf
Magaziner,Seth,D,RI,2025,https://disclosures-clerk.house.gov/public_disc/financial-pdfs/2025/10075328.pdf
Malliotakis,Nicole,R,NY,2025,https://disclosures-clerk.house.gov/public_disc/financial-pdfs/2025/10076820.pdf
Maloy,Celeste,R,UT,2025,https://disclosures-clerk.house.gov/public_disc/financial-pdfs/2025/10081600.pdf
Mann,Tracey,R,KS,2025,https://disclosures-clerk.house.gov/public_disc/financial-pdfs/2025/10076922.pdf
Mannion,John W.,D,NY,2025,https://disclosures-clerk.house.gov/public_disc/financial-pdfs/2025/10076752.pdf
Markey,Edward J.,D,MA,2026,https://efdsearch.senate.gov/search/view/annual/e4bf8423-71f8-48cc-bbad-8c7e84038cf1/
Marshall,Roger,R,KS,2026,https://efdsearch.senate.gov/search/view/annual/c37745f9-109f-4f5d-a4aa-74b91f48c824/
Massie,Thomas,R,KY,2025,https://disclosures-clerk.house.gov/public_disc/financial-pdfs/2025/10077444.pdf
Mast,Brian J.,R,FL,2025,https://disclosures-clerk.house.gov/public_disc/financial-pdfs/2025/10076430.pdf
Matsui,Doris O.,D,CA,2025,https://disclosures-clerk.house.gov/public_disc/financial-pdfs/2025/9116163.pdf
McBath,Lucy,D,GA,2025,https://disclosures-clerk.house.gov/public_disc/financial-pdfs/2025/10074842.pdf
McBride,Sarah,D,DE,2025,https://disclosures-clerk.house.gov/public_disc/financial-pdfs/2025/10077854.pdf
Delaney,April,D,MD,2025,https://disclosures-clerk.house.gov/public_disc/financial-pdfs/2025/10074769.pdf
McClain,Lisa C.,R,MI,2025,https://disclosures-clerk.house.gov/public_disc/financial-pdfs/2025/10076052.pdf
McClellan,Jennifer L.,D,VA,2025,https://disclosures-clerk.house.gov/public_disc/financial-pdfs/2025/10076903.pdf
McClintock,Tom,R,CA,2025,https://disclosures-clerk.house.gov/public_disc/financial-pdfs/2025/10076731.pdf
McCollum,Betty,D,MN,2025,https://disclosures-clerk.house.gov/public_disc/financial-pdfs/2025/10076144.pdf
McConnell,Mitch,R,KY,2026,https://efdsearch.senate.gov/search/view/annual/80fb9c88-7489-4c2f-9ea5-ce22b682b998/
McCormick,David,R,PA,2026,https://efdsearch.senate.gov/search/view/annual/3e2b0cca-3ab7-428e-b2ce-f08691f27dd1/
McCormick,Richard,R,GA,2025,https://disclosures-clerk.house.gov/public_disc/financial-pdfs/2025/10075846.pdf
McDonald Rivet,Kristen,D,MI,2025,https://disclosures-clerk.house.gov/public_disc/financial-pdfs/2025/10074835.pdf
McDowell,Addison P.,R,NC,2025,https://disclosures-clerk.house.gov/public_disc/financial-pdfs/2025/10074936.pdf
McGarvey,Morgan,D,KY,2025,https://disclosures-clerk.house.gov/public_disc/financial-pdfs/2025/10075970.pdf
McGovern,James P.,D,MA,2025,https://disclosures-clerk.house.gov/public_disc/financial-pdfs/2025/10075749.pdf
McGuire,John J.,R,VA,2025,https://disclosures-clerk.house.gov/public_disc/financial-pdfs/2025/10075908.pdf
McIver,LaMonica,D,NJ,2025,https://disclosures-clerk.house.gov/public_disc/financial-pdfs/2025/10076045.pdf
Meeks,Gregory W.,D,NY,2025,https://disclosures-clerk.house.gov/public_disc/financial-pdfs/2025/10077964.pdf
Menefee,Christian D.,D,TX,2025,https://disclosures-clerk.house.gov/public_disc/financial-pdfs/2025/10075931.pdf
Menendez,Robert,D,NJ,2025,https://disclosures-clerk.house.gov/public_disc/financial-pdfs/2025/10074390.pdf
Meng,Grace,D,NY,2025,https://disclosures-clerk.house.gov/public_disc/financial-pdfs/2025/10075835.pdf
Merkley,Jeff,D,OR,2026,https://efdsearch.senate.gov/search/view/annual/2679d51a-6ff8-4d8d-aecd-61cd3c3656a8/
Messmer,Mark B.,R,IN,2025,https://disclosures-clerk.house.gov/public_disc/financial-pdfs/2025/10077191.pdf
Meuser,Daniel,R,PA,2025,https://disclosures-clerk.house.gov/public_disc/financial-pdfs/2025/10076074.pdf
Mfume,Kweisi,D,MD,2025,https://disclosures-clerk.house.gov/public_disc/financial-pdfs/2025/10077256.pdf
Miller,Carol D.,R,WV,2025,https://disclosures-clerk.house.gov/public_disc/financial-pdfs/2025/10076025.pdf
Miller,Mary E.,R,IL,2025,https://disclosures-clerk.house.gov/public_disc/financial-pdfs/2025/10076451.pdf
Miller,Max L.,R,OH,2025,https://disclosures-clerk.house.gov/public_disc/financial-pdfs/2025/10076162.pdf
Miller-Meeks,Mariannette,R,IA,2025,https://disclosures-clerk.house.gov/public_disc/financial-pdfs/2025/10077246.pdf
Mills,Cory,R,FL,2025,https://disclosures-clerk.house.gov/public_disc/financial-pdfs/2025/10076049.pdf
Min,Dave,D,CA,2025,https://disclosures-clerk.house.gov/public_disc/financial-pdfs/2025/10075550.pdf
Moody,Ashley,R,FL,2026,https://efdsearch.senate.gov/search/view/annual/7ca4d0a0-27f8-44f1-b393-f61d2d62df02/
Moolenaar,John R.,R,MI,2025,https://disclosures-clerk.house.gov/public_disc/financial-pdfs/2025/10076468.pdf
Moore,Barry,R,AL,2025,https://disclosures-clerk.house.gov/public_disc/financial-pdfs/2025/10076378.pdf
Moore,Blake D.,R,UT,2025,https://disclosures-clerk.house.gov/public_disc/financial-pdfs/2025/10074823.pdf
Moore,Gwen,D,WI,2025,https://disclosures-clerk.house.gov/public_disc/financial-pdfs/2025/9116164.pdf
Moore,Riley M.,R,WV,2025,https://disclosures-clerk.house.gov/public_disc/financial-pdfs/2025/10074829.pdf
Moore,Tim,R,NC,2025,https://disclosures-clerk.house.gov/public_disc/financial-pdfs/2025/10075481.pdf
Moran,Jerry,R,KS,2026,https://efdsearch.senate.gov/search/view/annual/331462bf-6468-4c37-bb78-d8bcb4374cf8/
Moran,Nathaniel,R,TX,2025,https://disclosures-clerk.house.gov/public_disc/financial-pdfs/2025/10076305.pdf
Morelle,Joseph D.,D,NY,2025,https://disclosures-clerk.house.gov/public_disc/financial-pdfs/2025/10078020.pdf
Moreno,Bernie,R,OH,2026,https://efdsearch.senate.gov/search/view/annual/75237a37-18ed-4aa8-946e-7953b9e038af/
Morrison,Kelly,D,MN,2025,https://disclosures-clerk.house.gov/public_disc/financial-pdfs/2025/10075173.pdf
Moskowitz,Jared,D,FL,2025,https://disclosures-clerk.house.gov/public_disc/financial-pdfs/2025/10074897.pdf
Moulton,Seth,D,MA,2025,https://disclosures-clerk.house.gov/public_disc/financial-pdfs/2025/10076609.pdf
Moylan,James C.,R,GU,2025,https://disclosures-clerk.house.gov/public_disc/financial-pdfs/2025/10076785.pdf
Mrvan,Frank J.,D,IN,2025,https://disclosures-clerk.house.gov/public_disc/financial-pdfs/2025/10078141.pdf
Mullin,Kevin,D,CA,2025,https://disclosures-clerk.house.gov/public_disc/financial-pdfs/2025/10077398.pdf
Murkowski,Lisa,R,AK,2026,https://efdsearch.senate.gov/search/view/annual/282dcb63-e978-48e9-b94c-7233a99b40d3/
Murphy,Christopher,D,CT,2026,https://efdsearch.senate.gov/search/view/annual/949767a9-31e4-4409-af97-1ca77758b958/
Murphy,Gregory F.,R,NC,2025,https://disclosures-clerk.house.gov/public_disc/financial-pdfs/2025/10075847.pdf
Murray,Patty,D,WA,2026,https://efdsearch.senate.gov/search/view/annual/419e904f-1f31-4f8d-9b66-a05a769bb523/
Nadler,Jerrold,D,NY,2025,https://disclosures-clerk.house.gov/public_disc/financial-pdfs/2025/9116165.pdf
Neal,Richard E.,D,MA,2025,https://disclosures-clerk.house.gov/public_disc/financial-pdfs/2025/10077376.pdf
Neguse,Joe,D,CO,2025,https://disclosures-clerk.house.gov/public_disc/financial-pdfs/2025/10076784.pdf
Nehls,Troy E.,R,TX,2025,https://disclosures-clerk.house.gov/public_disc/financial-pdfs/2025/10081643.pdf
Newhouse,Dan,R,WA,2025,https://disclosures-clerk.house.gov/public_disc/financial-pdfs/2025/10078107.pdf
Norcross,Donald,D,NJ,2025,https://disclosures-clerk.house.gov/public_disc/financial-pdfs/2025/10075122.pdf
Norman,Ralph,R,SC,2025,https://disclosures-clerk.house.gov/public_disc/financial-pdfs/2025/10075380.pdf
Norton,Eleanor Holmes,D,DC,2025,https://disclosures-clerk.house.gov/public_disc/financial-pdfs/2025/10076125.pdf
Nunn,Zachary,R,IA,2025,https://disclosures-clerk.house.gov/public_disc/financial-pdfs/2025/10075011.pdf
Obernolte,Jay,R,CA,2025,https://disclosures-clerk.house.gov/public_disc/financial-pdfs/2025/10075438.pdf
Ocasio-Cortez,Alexandria,D,NY,2025,https://disclosures-clerk.house.gov/public_disc/financial-pdfs/2025/10076462.pdf
Ogles,Andrew,R,TN,2025,https://disclosures-clerk.house.gov/public_disc/financial-pdfs/2025/10081421.pdf
Olszewski,Johnny,D,MD,2025,https://disclosures-clerk.house.gov/public_disc/financial-pdfs/2025/10075628.pdf
Omar,Ilhan,D,MN,2025,https://disclosures-clerk.house.gov/public_disc/financial-pdfs/2025/10077400.pdf
Onder,Robert F.,R,MO,2025,https://disclosures-clerk.house.gov/public_disc/financial-pdfs/2025/10076829.pdf
Ossoff,Jon,D,GA,2026,https://efdsearch.senate.gov/search/view/annual/9af964b6-5eba-41e6-87fb-d6651c5b90b0/
Owens,Burgess,R,UT,2025,https://disclosures-clerk.house.gov/public_disc/financial-pdfs/2025/9116274.pdf
Padilla,Alex,D,CA,2026,https://efdsearch.senate.gov/search/view/annual/806e424b-fa67-4612-8452-5a0e571a0e95/
Pallone,Frank,D,NJ,2025,https://disclosures-clerk.house.gov/public_disc/financial-pdfs/2025/10075741.pdf
Palmer,Gary J.,R,AL,2025,https://disclosures-clerk.house.gov/public_disc/financial-pdfs/2025/10075305.pdf
Panetta,Jimmy,D,CA,2025,https://disclosures-clerk.house.gov/public_disc/financial-pdfs/2025/10074944.pdf
Pappas,Chris,D,NH,2025,https://disclosures-clerk.house.gov/public_disc/financial-pdfs/2025/10077615.pdf
Patronis,Jimmy,R,FL,2025,https://disclosures-clerk.house.gov/public_disc/financial-pdfs/2025/10076284.pdf
Paul,Rand,R,KY,2026,https://efdsearch.senate.gov/search/view/annual/8c6992f9-73e3-474a-9ac3-a1a172b44a25/
Pelosi,Nancy,D,CA,2025,https://disclosures-clerk.house.gov/public_disc/financial-pdfs/2025/10075701.pdf
Gluesenkamp Perez,Marie,D,WA,2025,https://disclosures-clerk.house.gov/public_disc/financial-pdfs/2025/10076749.pdf
Perry,Scott,R,PA,2025,https://disclosures-clerk.house.gov/public_disc/financial-pdfs/2025/10075876.pdf
Peters,Gary C.,D,MI,2026,https://efdsearch.senate.gov/search/view/annual/566928d7-9094-4a22-aa48-350874c62259/
Peters,Scott H.,D,CA,2025,https://disclosures-clerk.house.gov/public_disc/financial-pdfs/2025/10076386.pdf
Pettersen,Brittany,D,CO,2025,https://disclosures-clerk.house.gov/public_disc/financial-pdfs/2025/10077057.pdf
Pfluger,August,R,TX,2025,https://disclosures-clerk.house.gov/public_disc/financial-pdfs/2025/10075620.pdf
Pingree,Chellie,D,ME,2025,https://disclosures-clerk.house.gov/public_disc/financial-pdfs/2025/10077435.pdf
Plaskett,Stacey E.,D,VI,2025,https://disclosures-clerk.house.gov/public_disc/financial-pdfs/2025/10082756.pdf
Pocan,Mark,D,WI,2025,https://disclosures-clerk.house.gov/public_disc/financial-pdfs/2025/10077611.pdf
Pou,Nellie,D,NJ,2025,https://disclosures-clerk.house.gov/public_disc/financial-pdfs/2025/10077198.pdf
Pressley,Ayanna,D,MA,2025,https://disclosures-clerk.house.gov/public_disc/financial-pdfs/2025/10078418.pdf
Quigley,Mike,D,IL,2025,https://disclosures-clerk.house.gov/public_disc/financial-pdfs/2025/9116166.pdf
Ramirez,Delia C.,D,IL,2025,https://disclosures-clerk.house.gov/public_disc/financial-pdfs/2025/10075093.pdf
Randall,Emily,D,WA,2025,https://disclosures-clerk.house.gov/public_disc/financial-pdfs/2025/10076237.pdf
Raskin,Jamie,D,MD,2025,https://disclosures-clerk.house.gov/public_disc/financial-pdfs/2025/10076353.pdf
Reed,Jack,D,RI,2026,https://efdsearch.senate.gov/search/view/annual/77ae8202-f38d-4fc2-918d-c7a626b5c95c/
Reschenthaler,Guy,R,PA,2025,https://disclosures-clerk.house.gov/public_disc/financial-pdfs/2025/10075419.pdf
Ricketts,Pete,R,NE,2026,https://efdsearch.senate.gov/search/view/annual/a8d4d3ca-b222-4c06-ae91-8b3b73686894/
Riley,Josh,D,NY,2025,https://disclosures-clerk.house.gov/public_disc/financial-pdfs/2025/10074651.pdf
Risch,James E.,R,ID,2026,https://efdsearch.senate.gov/search/view/annual/8f5e80ee-e796-4a25-9bf4-b6ed4917c220/
Rivas,Luz M.,D,CA,2025,https://disclosures-clerk.house.gov/public_disc/financial-pdfs/2025/10081225.pdf
Rogers,Harold,R,KY,2025,https://disclosures-clerk.house.gov/public_disc/financial-pdfs/2025/9116232.pdf
Rogers,Mike D.,R,AL,2025,https://disclosures-clerk.house.gov/public_disc/financial-pdfs/2025/9116167.pdf
Rose,John W.,R,TN,2025,https://disclosures-clerk.house.gov/public_disc/financial-pdfs/2025/10075338.pdf
Rosen,Jacky,D,NV,2026,https://efdsearch.senate.gov/search/view/annual/ec5ae954-7967-45bf-8778-e7aa49a05c93/
Ross,Deborah K.,D,NC,2025,https://disclosures-clerk.house.gov/public_disc/financial-pdfs/2025/10074987.pdf
Rounds,Mike,R,SD,2026,https://efdsearch.senate.gov/search/view/annual/d383b64d-7a33-4ac0-b049-8f04bdeeb6a0/
Rouzer,David,R,NC,2025,https://disclosures-clerk.house.gov/public_disc/financial-pdfs/2025/10081433.pdf
Roy,Chip,R,TX,2025,https://disclosures-clerk.house.gov/public_disc/financial-pdfs/2025/10077199.pdf
Ruiz,Raul,D,CA,2025,https://disclosures-clerk.house.gov/public_disc/financial-pdfs/2025/10076447.pdf
Rulli,Michael A.,R,OH,2025,https://disclosures-clerk.house.gov/public_disc/financial-pdfs/2025/10081567.pdf
Rutherford,John H.,R,FL,2025,https://disclosures-clerk.house.gov/public_disc/financial-pdfs/2025/10076796.pdf
Ryan,Patrick,D,NY,2025,https://disclosures-clerk.house.gov/public_disc/financial-pdfs/2025/10074808.pdf
Salazar,Maria Elvira,R,FL,2025,https://disclosures-clerk.house.gov/public_disc/financial-pdfs/2025/10075495.pdf
Salinas,Andrea,D,OR,2025,https://disclosures-clerk.house.gov/public_disc/financial-pdfs/2025/10075989.pdf
Sanders,Bernard,I,VT,2026,https://efdsearch.senate.gov/search/view/annual/81060eb2-fc35-4a8c-857d-3220cf411b9b/
Scalise,Steve,R,LA,2025,https://disclosures-clerk.house.gov/public_disc/financial-pdfs/2025/10075779.pdf
Scanlon,Mary Gay,D,PA,2025,https://disclosures-clerk.house.gov/public_disc/financial-pdfs/2025/10075774.pdf
Schakowsky,Janice D.,D,IL,2025,https://disclosures-clerk.house.gov/public_disc/financial-pdfs/2025/10076627.pdf
Schatz,Brian,D,HI,2026,https://efdsearch.senate.gov/search/view/annual/4fde18b9-6e75-4517-87f2-a623802662d2/
Schiff,Adam B.,D,CA,2026,https://efdsearch.senate.gov/search/view/annual/0ced71f1-1a11-48aa-87da-f6ed733836b8/
Schmidt,Derek,R,KS,2025,https://disclosures-clerk.house.gov/public_disc/financial-pdfs/2025/10076041.pdf
Schmitt,Eric,R,MO,2026,https://efdsearch.senate.gov/search/view/annual/31354819-3a2e-4164-997f-e8327782f4b1/
Schneider,Bradley Scott,D,IL,2025,https://disclosures-clerk.house.gov/public_disc/financial-pdfs/2025/10075108.pdf
Scholten,Hillary J.,D,MI,2025,https://disclosures-clerk.house.gov/public_disc/financial-pdfs/2025/10075605.pdf
Schrier,Kim,D,WA,2025,https://disclosures-clerk.house.gov/public_disc/financial-pdfs/2025/10075089.pdf
Schumer,Charles E.,D,NY,2026,https://efdsearch.senate.gov/search/view/annual/6fea64b8-6c11-41ee-b5a1-61dae7d03775/
Schweikert,David,R,AZ,2025,https://disclosures-clerk.house.gov/public_disc/financial-pdfs/2025/10077931.pdf
Scott,Austin,R,GA,2025,https://disclosures-clerk.house.gov/public_disc/financial-pdfs/2025/10078163.pdf
Scott,Rick,R,FL,2026,https://efdsearch.senate.gov/search/view/annual/cd708d06-e253-444b-aebd-9fd547156da9/
Scott,"Robert C. ""Bobby""",D,VA,2025,https://disclosures-clerk.house.gov/public_disc/financial-pdfs/2025/10077012.pdf
Scott,Tim,R,SC,2026,https://efdsearch.senate.gov/search/view/annual/516c1638-5b26-4a14-99be-d89c1b426839/
Self,Keith,R,TX,2025,https://disclosures-clerk.house.gov/public_disc/financial-pdfs/2025/9116196.pdf
Sessions,Pete,R,TX,2025,https://disclosures-clerk.house.gov/public_disc/financial-pdfs/2025/10075867.pdf
Sewell,Terri A.,D,AL,2025,https://disclosures-clerk.house.gov/public_disc/financial-pdfs/2025/10081495.pdf
Shaheen,Jeanne,D,NH,2026,https://efdsearch.senate.gov/search/view/annual/61bb8328-a6ca-4995-8677-453290aef6c4/
Sheehy,Tim,R,MT,2026,https://efdsearch.senate.gov/search/view/annual/27930567-6b16-4a88-ab6f-f372303a7224/
Sherman,Brad,D,CA,2025,https://disclosures-clerk.house.gov/public_disc/financial-pdfs/2025/9116209.pdf
Shreve,Jefferson,R,IN,2025,https://disclosures-clerk.house.gov/public_disc/financial-pdfs/2025/10075352.pdf
Simon,Lateefah,D,CA,2025,https://disclosures-clerk.house.gov/public_disc/financial-pdfs/2025/10075192.pdf
Simpson,Michael K.,R,ID,2025,https://disclosures-clerk.house.gov/public_disc/financial-pdfs/2025/10075431.pdf
Slotkin,Elissa,D,MI,2026,https://efdsearch.senate.gov/search/view/annual/b95f9a8b-a8d3-4de2-a433-661b4ff040b0/
Smith,Adam,D,WA,2025,https://disclosures-clerk.house.gov/public_disc/financial-pdfs/2025/10075631.pdf
Smith,Adrian,R,NE,2025,https://disclosures-clerk.house.gov/public_disc/financial-pdfs/2025/10076487.pdf
Smith,Christopher H.,R,NJ,2025,https://disclosures-clerk.house.gov/public_disc/financial-pdfs/2025/10077869.pdf
Smith,Jason,R,MO,2025,https://disclosures-clerk.house.gov/public_disc/financial-pdfs/2025/10078389.pdf
Smith,Tina,D,MN,2026,https://efdsearch.senate.gov/search/view/annual/04fa0049-312f-4789-bdd1-1c8fa59a599f/
Smucker,Lloyd,R,PA,2025,https://disclosures-clerk.house.gov/public_disc/financial-pdfs/2025/10077933.pdf
Sorensen,Eric,D,IL,2025,https://disclosures-clerk.house.gov/public_disc/financial-pdfs/2025/10074927.pdf
Soto,Darren,D,FL,2025,https://disclosures-clerk.house.gov/public_disc/financial-pdfs/2025/10077158.pdf
Spartz,Victoria,R,IN,2025,https://disclosures-clerk.house.gov/public_disc/financial-pdfs/2025/10077259.pdf
Stansbury,Melanie A.,D,NM,2025,https://disclosures-clerk.house.gov/public_disc/financial-pdfs/2025/10077139.pdf
Stanton,Greg,D,AZ,2025,https://disclosures-clerk.house.gov/public_disc/financial-pdfs/2025/10077484.pdf
Stauber,Pete,R,MN,2025,https://disclosures-clerk.house.gov/public_disc/financial-pdfs/2025/10075454.pdf
Stefanik,Elise M.,R,NY,2025,https://disclosures-clerk.house.gov/public_disc/financial-pdfs/2025/9116231.pdf
Steil,Bryan,R,WI,2025,https://disclosures-clerk.house.gov/public_disc/financial-pdfs/2025/10075925.pdf
Steube,W. Gregory,R,FL,2025,https://disclosures-clerk.house.gov/public_disc/financial-pdfs/2025/10075309.pdf
Stevens,Haley M.,D,MI,2025,https://disclosures-clerk.house.gov/public_disc/financial-pdfs/2025/10075421.pdf
Strickland,Marilyn,D,WA,2025,https://disclosures-clerk.house.gov/public_disc/financial-pdfs/2025/10076603.pdf
Strong,Dale W.,R,AL,2025,https://disclosures-clerk.house.gov/public_disc/financial-pdfs/2025/10074989.pdf
Stutzman,Marlin A.,R,IN,2025,https://disclosures-clerk.house.gov/public_disc/financial-pdfs/2025/10081587.pdf
Subramanyam,Suhas,D,VA,2025,https://disclosures-clerk.house.gov/public_disc/financial-pdfs/2025/10078081.pdf
Sullivan,Dan,R,AK,2026,https://efdsearch.senate.gov/search/view/annual/40eb03a2-e2c5-48a5-8834-05cdb32b29d6/
Suozzi,Thomas R.,D,NY,2025,https://disclosures-clerk.house.gov/public_disc/financial-pdfs/2025/10077078.pdf
Sykes,Emilia Strong,D,OH,2025,https://disclosures-clerk.house.gov/public_disc/financial-pdfs/2025/10076112.pdf
Sanchez,Linda T.,D,CA,2025,https://disclosures-clerk.house.gov/public_disc/financial-pdfs/2025/10077966.pdf
Takano,Mark,D,CA,2025,https://disclosures-clerk.house.gov/public_disc/financial-pdfs/2025/10076332.pdf
Taylor,David J.,R,OH,2025,https://disclosures-clerk.house.gov/public_disc/financial-pdfs/2025/10075596.pdf
Tenney,Claudia,R,NY,2025,https://disclosures-clerk.house.gov/public_disc/financial-pdfs/2025/10076400.pdf
Thanedar,Shri,D,MI,2025,https://disclosures-clerk.house.gov/public_disc/financial-pdfs/2025/10075203.pdf
Thompson,Bennie G.,D,MS,2025,https://disclosures-clerk.house.gov/public_disc/financial-pdfs/2025/10075892.pdf
Thompson,Glenn,R,PA,2025,https://disclosures-clerk.house.gov/public_disc/financial-pdfs/2025/10076978.pdf
Thompson,Mike,D,CA,2025,https://disclosures-clerk.house.gov/public_disc/financial-pdfs/2025/9116168.pdf
Thune,John,R,SD,2026,https://efdsearch.senate.gov/search/view/annual/8fce71cc-45f5-4ef0-978e-b57a9aa39037/
Tiffany,Thomas P.,R,WI,2025,https://disclosures-clerk.house.gov/public_disc/financial-pdfs/2025/10076532.pdf
Tillis,Thomas,R,NC,2026,https://efdsearch.senate.gov/search/view/annual/33b5d7d8-3980-4062-be85-bb00ca02d0bd/
Timmons,William R.,R,SC,2025,https://disclosures-clerk.house.gov/public_disc/financial-pdfs/2025/10076954.pdf
Titus,Dina,D,NV,2025,https://disclosures-clerk.house.gov/public_disc/financial-pdfs/2025/9116309.pdf
Tlaib,Rashida,D,MI,2025,https://disclosures-clerk.house.gov/public_disc/financial-pdfs/2025/10074621.pdf
Tokuda,Jill N.,D,HI,2025,https://disclosures-clerk.house.gov/public_disc/financial-pdfs/2025/10076318.pdf
Tonko,Paul,D,NY,2025,https://disclosures-clerk.house.gov/public_disc/financial-pdfs/2025/10077091.pdf
Torres,Norma J.,D,CA,2025,https://disclosures-clerk.house.gov/public_disc/financial-pdfs/2025/10075170.pdf
Torres,Ritchie,D,NY,2025,https://disclosures-clerk.house.gov/public_disc/financial-pdfs/2025/10078169.pdf
Trahan,Lori,D,MA,2025,https://disclosures-clerk.house.gov/public_disc/financial-pdfs/2025/10075586.pdf
Tran,Derek,D,CA,2025,https://disclosures-clerk.house.gov/public_disc/financial-pdfs/2025/10074943.pdf
Tuberville,Tommy,R,AL,2026,https://efdsearch.senate.gov/search/view/annual/d4f1a4cf-d450-4f9f-bfaf-c98e41066c2b/
Turner,Michael R.,R,OH,2025,https://disclosures-clerk.house.gov/public_disc/financial-pdfs/2025/10075610.pdf
Underwood,Lauren,D,IL,2025,https://disclosures-clerk.house.gov/public_disc/financial-pdfs/2025/10075904.pdf
Valadao,David G.,R,CA,2025,https://disclosures-clerk.house.gov/public_disc/financial-pdfs/2025/10075195.pdf
Van Drew,Jefferson,R,NJ,2025,https://disclosures-clerk.house.gov/public_disc/financial-pdfs/2025/9116169.pdf
Van Duyne,Beth,R,TX,2025,https://disclosures-clerk.house.gov/public_disc/financial-pdfs/2025/10081582.pdf
Van Epps,Matt,R,TN,2026,https://disclosures-clerk.house.gov/public_disc/financial-pdfs/2026/10079856.pdf
Van Hollen,Chris,D,MD,2026,https://efdsearch.senate.gov/search/view/annual/6ed20a5a-0c96-427f-a6cc-a91fae626c30/
Van Orden,Derrick,R,WI,2025,https://disclosures-clerk.house.gov/public_disc/financial-pdfs/2025/10077672.pdf
Vargas,Juan,D,CA,2025,https://disclosures-clerk.house.gov/public_disc/financial-pdfs/2025/10077073.pdf
Vasquez,Gabe,D,NM,2025,https://disclosures-clerk.house.gov/public_disc/financial-pdfs/2025/10077180.pdf
Veasey,Marc A.,D,TX,2025,https://disclosures-clerk.house.gov/public_disc/financial-pdfs/2025/10074876.pdf
Velázquez,Nydia M.,D,NY,2025,https://disclosures-clerk.house.gov/public_disc/financial-pdfs/2025/10077087.pdf
Vindman,Eugene Simon,D,VA,2025,https://disclosures-clerk.house.gov/public_disc/financial-pdfs/2025/10074947.pdf
Wagner,Ann,R,MO,2025,https://disclosures-clerk.house.gov/public_disc/financial-pdfs/2025/10075727.pdf
Walberg,Tim,R,MI,2025,https://disclosures-clerk.house.gov/public_disc/financial-pdfs/2025/10076315.pdf
Walkinshaw,James R.,D,VA,2025,https://disclosures-clerk.house.gov/public_disc/financial-pdfs/2025/10075460.pdf
Warner,Mark R.,D,VA,2026,https://efdsearch.senate.gov/search/view/annual/2140b571-f1a6-4ace-af24-4be351a1a5bf/
Warnock,Raphael G.,D,GA,2026,https://efdsearch.senate.gov/search/view/annual/8feb7643-0640-4e2f-b985-3d0a6d7e6433/
Warren,Elizabeth,D,MA,2026,https://efdsearch.senate.gov/search/view/annual/5ba78cce-ea42-4909-93e4-d6c2585ffb26/
Wasserman Schultz,Debbie,D,FL,2025,https://disclosures-clerk.house.gov/public_disc/financial-pdfs/2025/10081126.pdf
Waters,Maxine,D,CA,2025,https://disclosures-clerk.house.gov/public_disc/financial-pdfs/2025/10076919.pdf
Coleman,Bonnie,D,NJ,2025,https://disclosures-clerk.house.gov/public_disc/financial-pdfs/2025/9116156.pdf
Weber,Randy K. Sr.,R,TX,2025,https://disclosures-clerk.house.gov/public_disc/financial-pdfs/2025/10076968.pdf
Webster,Daniel,R,FL,2025,https://disclosures-clerk.house.gov/public_disc/financial-pdfs/2025/10076872.pdf
Welch,Peter,D,VT,2026,https://efdsearch.senate.gov/search/view/annual/8b99ebb2-80fa-402a-b4cf-db7ec88b333b/
Westerman,Bruce,R,AR,2025,https://disclosures-clerk.house.gov/public_disc/financial-pdfs/2025/10075479.pdf
Whitehouse,Sheldon,D,RI,2026,https://efdsearch.senate.gov/search/view/annual/6c73943b-bc2e-46d8-8a6b-2e77768a24c8/
Whitesides,George,D,CA,2025,https://disclosures-clerk.house.gov/public_disc/financial-pdfs/2025/9116304.pdf
Wicker,Roger F.,R,MS,2026,https://efdsearch.senate.gov/search/view/annual/1840537e-8d5f-4d36-b33d-1b79bfd4a1ad/
Wied,Tony,R,WI,2025,https://disclosures-clerk.house.gov/public_disc/financial-pdfs/2025/10076758.pdf
Williams,Nikema,D,GA,2025,https://disclosures-clerk.house.gov/public_disc/financial-pdfs/2025/10078096.pdf
Williams,Roger,R,TX,2025,https://disclosures-clerk.house.gov/public_disc/financial-pdfs/2025/10076385.pdf
Wilson,Frederica S.,D,FL,2025,https://disclosures-clerk.house.gov/public_disc/financial-pdfs/2025/10077391.pdf
Wilson,Joe,R,SC,2025,https://disclosures-clerk.house.gov/public_disc/financial-pdfs/2025/10075469.pdf
Wittman,Robert J.,R,VA,2025,https://disclosures-clerk.house.gov/public_disc/financial-pdfs/2025/10077609.pdf
Womack,Steve,R,AR,2025,https://disclosures-clerk.house.gov/public_disc/financial-pdfs/2025/10076686.pdf
Wyden,Ron,D,OR,2026,https://efdsearch.senate.gov/search/view/annual/d7b3bb0a-8741-4b66-9a0c-73be372bc8b3/
Yakym,Rudy,R,IN,2025,https://disclosures-clerk.house.gov/public_disc/financial-pdfs/2025/10075193.pdf
Young,Todd,R,IN,2026,https://efdsearch.senate.gov/search/view/annual/9bbf2f7c-29b1-40a3-9731-81d7ccc10da9/
Zinke,Ryan K.,R,MT,2025,https://disclosures-clerk.house.gov/public_disc/financial-pdfs/2025/10076292.pdf
